title,star_rating,content_rating,genre,duration,actors_list
The Shawshank Redemption,9.3,R,Crime,142,"[u'Tim Robbins', u'Morgan Freeman', u'Bob Gunton']"
The Godfather,9.2,R,Crime,175,"[u'Marlon Brando', u'Al Pacino', u'James Caan']"
The Godfather: Part II,9.1,R,Crime,200,"[u'Al Pacino', u'Robert De Niro', u'Robert Duvall']"
The Dark Knight,9.0,PG-13,Action,152,"[u'Christian Bale', u'Heath Ledger', u'Aaron Eckhart']"
Pulp Fiction,8.9,R,Crime,154,"[u'John Travolta', u'Uma Thurman', u'Samuel L. Jackson']"
12 Angry Men,8.9,NOT RATED,Drama,96,"[u'Henry Fonda', u'Lee J. Cobb', u'Martin Balsam']"
"The Good, the Bad and the Ugly",8.9,NOT RATED,Western,161,"[u'Clint Eastwood', u'Eli Wallach', u'Lee Van Cleef']"
The Lord of the Rings: The Return of the King,8.9,PG-13,Adventure,201,"[u'Elijah Wood', u'Viggo Mortensen', u'Ian McKellen']"
Schindler's List,8.9,R,Biography,195,"[u'Liam Neeson', u'Ralph Fiennes', u'Ben Kingsley']"
Fight Club,8.9,R,Drama,139,"[u'Brad Pitt', u'Edward Norton', u'Helena Bonham Carter']"
The Lord of the Rings: The Fellowship of the Ring,8.8,PG-13,Adventure,178,"[u'Elijah Wood', u'Ian McKellen', u'Orlando Bloom']"
Inception,8.8,PG-13,Action,148,"[u'Leonardo DiCaprio', u'Joseph Gordon-Levitt', u'Ellen Page']"
Star Wars: Episode V - The Empire Strikes Back,8.8,PG,Action,124,"[u'Mark Hamill', u'Harrison Ford', u'Carrie Fisher']"
Forrest Gump,8.8,PG-13,Drama,142,"[u'Tom Hanks', u'Robin Wright', u'Gary Sinise']"
The Lord of the Rings: The Two Towers,8.8,PG-13,Adventure,179,"[u'Elijah Wood', u'Ian McKellen', u'Viggo Mortensen']"
Interstellar,8.7,PG-13,Adventure,169,"[u'Matthew McConaughey', u'Anne Hathaway', u'Jessica Chastain']"
One Flew Over the Cuckoo's Nest,8.7,R,Drama,133,"[u'Jack Nicholson', u'Louise Fletcher', u'Michael Berryman']"
Seven Samurai,8.7,UNRATED,Drama,207,"[u'Toshir\xf4 Mifune', u'Takashi Shimura', u'Keiko Tsushima']"
Goodfellas,8.7,R,Biography,146,"[u'Robert De Niro', u'Ray Liotta', u'Joe Pesci']"
Star Wars,8.7,PG,Action,121,"[u'Mark Hamill', u'Harrison Ford', u'Carrie Fisher']"
The Matrix,8.7,R,Action,136,"[u'Keanu Reeves', u'Laurence Fishburne', u'Carrie-Anne Moss']"
City of God,8.7,R,Crime,130,"[u'Alexandre Rodrigues', u'Matheus Nachtergaele', u'Leandro Firmino']"
It's a Wonderful Life,8.7,APPROVED,Drama,130,"[u'James Stewart', u'Donna Reed', u'Lionel Barrymore']"
The Usual Suspects,8.7,R,Crime,106,"[u'Kevin Spacey', u'Gabriel Byrne', u'Chazz Palminteri']"
Se7en,8.7,R,Drama,127,"[u'Morgan Freeman', u'Brad Pitt', u'Kevin Spacey']"
Life Is Beautiful,8.6,PG-13,Comedy,116,"[u'Roberto Benigni', u'Nicoletta Braschi', u'Giorgio Cantarini']"
Once Upon a Time in the West,8.6,PG-13,Western,175,"[u'Henry Fonda', u'Charles Bronson', u'Claudia Cardinale']"
The Silence of the Lambs,8.6,R,Drama,118,"[u'Jodie Foster', u'Anthony Hopkins', u'Lawrence A. Bonney']"
Leon: The Professional,8.6,R,Crime,110,"[u'Jean Reno', u'Gary Oldman', u'Natalie Portman']"
City Lights,8.6,PASSED,Comedy,87,"[u'Charles Chaplin', u'Virginia Cherrill', u'Florence Lee']"
Spirited Away,8.6,PG,Animation,125,"[u'Daveigh Chase', u'Suzanne Pleshette', u'Miyu Irino']"
The Intouchables,8.6,R,Biography,112,"[u'Fran\xe7ois Cluzet', u'Omar Sy', u'Anne Le Ny']"
Casablanca,8.6,PG,Drama,102,"[u'Humphrey Bogart', u'Ingrid Bergman', u'Paul Henreid']"
Whiplash,8.6,R,Drama,107,"[u'Miles Teller', u'J.K. Simmons', u'Melissa Benoist']"
American History X,8.6,R,Crime,119,"[u'Edward Norton', u'Edward Furlong', u""Beverly D'Angelo""]"
Modern Times,8.6,G,Comedy,87,"[u'Charles Chaplin', u'Paulette Goddard', u'Henry Bergman']"
Saving Private Ryan,8.6,R,Action,169,"[u'Tom Hanks', u'Matt Damon', u'Tom Sizemore']"
Raiders of the Lost Ark,8.6,PG,Action,115,"[u'Harrison Ford', u'Karen Allen', u'Paul Freeman']"
Rear Window,8.6,APPROVED,Mystery,112,"[u'James Stewart', u'Grace Kelly', u'Wendell Corey']"
Psycho,8.6,R,Horror,109,"[u'Anthony Perkins', u'Janet Leigh', u'Vera Miles']"
The Green Mile,8.5,R,Crime,189,"[u'Tom Hanks', u'Michael Clarke Duncan', u'David Morse']"
Sunset Blvd.,8.5,NOT RATED,Drama,110,"[u'William Holden', u'Gloria Swanson', u'Erich von Stroheim']"
The Pianist,8.5,R,Biography,150,"[u'Adrien Brody', u'Thomas Kretschmann', u'Frank Finlay']"
The Dark Knight Rises,8.5,PG-13,Action,165,"[u'Christian Bale', u'Tom Hardy', u'Anne Hathaway']"
Gladiator,8.5,R,Action,155,"[u'Russell Crowe', u'Joaquin Phoenix', u'Connie Nielsen']"
Terminator 2: Judgment Day,8.5,R,Action,137,"[u'Arnold Schwarzenegger', u'Linda Hamilton', u'Edward Furlong']"
Memento,8.5,R,Mystery,113,"[u'Guy Pearce', u'Carrie-Anne Moss', u'Joe Pantoliano']"
Taare Zameen Par,8.5,PG,Drama,165,"[u'Darsheel Safary', u'Aamir Khan', u'Tanay Chheda']"
Dr. Strangelove or: How I Learned to Stop Worrying and Love the Bomb,8.5,PG,Comedy,95,"[u'Peter Sellers', u'George C. Scott', u'Sterling Hayden']"
The Departed,8.5,R,Crime,151,"[u'Leonardo DiCaprio', u'Matt Damon', u'Jack Nicholson']"
Cinema Paradiso,8.5,R,Drama,155,"[u'Philippe Noiret', u'Enzo Cannavale', u'Antonella Attili']"
Apocalypse Now,8.5,R,Drama,153,"[u'Martin Sheen', u'Marlon Brando', u'Robert Duvall']"
The Great Dictator,8.5,APPROVED,Comedy,125,"[u'Charles Chaplin', u'Paulette Goddard', u'Jack Oakie']"
The Prestige,8.5,PG-13,Drama,130,"[u'Christian Bale', u'Hugh Jackman', u'Scarlett Johansson']"
Back to the Future,8.5,PG,Adventure,116,"[u'Michael J. Fox', u'Christopher Lloyd', u'Lea Thompson']"
The Lion King,8.5,G,Animation,89,"[u'Matthew Broderick', u'Jeremy Irons', u'James Earl Jones']"
The Lives of Others,8.5,R,Drama,137,"[u'Ulrich M\xfche', u'Martina Gedeck', u'Sebastian Koch']"
Alien,8.5,R,Horror,117,"[u'Sigourney Weaver', u'Tom Skerritt', u'John Hurt']"
Paths of Glory,8.5,APPROVED,Drama,88,"[u'Kirk Douglas', u'Ralph Meeker', u'Adolphe Menjou']"
Django Unchained,8.5,R,Western,165,"[u'Jamie Foxx', u'Christoph Waltz', u'Leonardo DiCaprio']"
3 Idiots,8.5,PG-13,Comedy,170,"[u'Aamir Khan', u'Madhavan', u'Mona Singh']"
Grave of the Fireflies,8.5,UNRATED,Animation,89,"[u'Tsutomu Tatsumi', u'Ayano Shiraishi', u'Akemi Yamaguchi']"
The Shining,8.5,R,Horror,146,"[u'Jack Nicholson', u'Shelley Duvall', u'Danny Lloyd']"
M,8.4,NOT RATED,Crime,99,"[u'Peter Lorre', u'Ellen Widmann', u'Inge Landgut']"
WALL-E,8.4,G,Animation,98,"[u'Ben Burtt', u'Elissa Knight', u'Jeff Garlin']"
Witness for the Prosecution,8.4,APPROVED,Crime,116,"[u'Tyrone Power', u'Marlene Dietrich', u'Charles Laughton']"
Munna Bhai M.B.B.S.,8.4,NOT RATED,Comedy,156,"[u'Sunil Dutt', u'Sanjay Dutt', u'Arshad Warsi']"
American Beauty,8.4,R,Drama,122,"[u'Kevin Spacey', u'Annette Bening', u'Thora Birch']"
Das Boot,8.4,R,Adventure,149,"[u'J\xfcrgen Prochnow', u'Herbert Gr\xf6nemeyer', u'Klaus Wennemann']"
Princess Mononoke,8.4,PG-13,Animation,134,"[u'Y\xf4ji Matsuda', u'Yuriko Ishida', u'Y\xfbko Tanaka']"
Amelie,8.4,R,Comedy,122,"[u'Audrey Tautou', u'Mathieu Kassovitz', u'Rufus']"
North by Northwest,8.4,APPROVED,Adventure,136,"[u'Cary Grant', u'Eva Marie Saint', u'James Mason']"
Rang De Basanti,8.4,NOT RATED,Drama,157,"[u'Aamir Khan', u'Soha Ali Khan', u'Siddharth']"
Jodaeiye Nader az Simin,8.4,PG-13,Drama,123,"[u'Peyman Moaadi', u'Leila Hatami', u'Sareh Bayat']"
Citizen Kane,8.4,APPROVED,Drama,119,"[u'Orson Welles', u'Joseph Cotten', u'Dorothy Comingore']"
Aliens,8.4,R,Action,137,"[u'Sigourney Weaver', u'Michael Biehn', u'Carrie Henn']"
Vertigo,8.4,APPROVED,Mystery,128,"[u'James Stewart', u'Kim Novak', u'Barbara Bel Geddes']"
Oldeuboi,8.4,R,Drama,120,"[u'Min-sik Choi', u'Ji-tae Yu', u'Hye-jeong Kang']"
Once Upon a Time in America,8.4,R,Crime,229,"[u'Robert De Niro', u'James Woods', u'Elizabeth McGovern']"
Double Indemnity,8.4,PASSED,Crime,107,"[u'Fred MacMurray', u'Barbara Stanwyck', u'Edward G. Robinson']"
Star Wars: Episode VI - Return of the Jedi,8.4,PG,Action,134,"[u'Mark Hamill', u'Harrison Ford', u'Carrie Fisher']"
Toy Story 3,8.4,G,Animation,103,"[u'Tom Hanks', u'Tim Allen', u'Joan Cusack']"
Braveheart,8.4,R,Action,177,"[u'Mel Gibson', u'Sophie Marceau', u'Patrick McGoohan']"
To Kill a Mockingbird,8.4,NOT RATED,Drama,129,"[u'Gregory Peck', u'John Megna', u'Frank Overton']"
Requiem for a Dream,8.4,R,Drama,102,"[u'Ellen Burstyn', u'Jared Leto', u'Jennifer Connelly']"
Lawrence of Arabia,8.4,PG,Adventure,216,"[u""Peter O'Toole"", u'Alec Guinness', u'Anthony Quinn']"
A Clockwork Orange,8.4,X,Crime,136,"[u'Malcolm McDowell', u'Patrick Magee', u'Michael Bates']"
Bicycle Thieves,8.4,NOT RATED,Drama,93,"[u'Lamberto Maggiorani', u'Enzo Staiola', u'Lianella Carell']"
The Kid,8.4,NOT RATED,Comedy,68,"[u'Charles Chaplin', u'Edna Purviance', u'Jackie Coogan']"
Swades,8.4,NOT RATED,Drama,189,"[u'Shah Rukh Khan', u'Gayatri Joshi', u'Kishori Balal']"
Reservoir Dogs,8.4,R,Crime,99,"[u'Harvey Keitel', u'Tim Roth', u'Michael Madsen']"
Eternal Sunshine of the Spotless Mind,8.4,R,Drama,108,"[u'Jim Carrey', u'Kate Winslet', u'Tom Wilkinson']"
Taxi Driver,8.4,R,Crime,113,"[u'Robert De Niro', u'Jodie Foster', u'Cybill Shepherd']"
Dilwale Dulhania Le Jayenge,8.4,NOT RATED,Comedy,181,"[u'Shah Rukh Khan', u'Kajol', u'Amrish Puri']"
Singin' in the Rain,8.4,APPROVED,Comedy,103,"[u'Gene Kelly', u""Donald O'Connor"", u'Debbie Reynolds']"
All About Eve,8.4,APPROVED,Drama,138,"[u'Bette Davis', u'Anne Baxter', u'George Sanders']"
Yojimbo,8.4,UNRATED,Action,110,"[u'Toshir\xf4 Mifune', u'Eijir\xf4 T\xf4no', u'Tatsuya Nakadai']"
The Sting,8.4,PG,Comedy,129,"[u'Paul Newman', u'Robert Redford', u'Robert Shaw']"
Rashomon,8.4,UNRATED,Crime,88,"[u'Toshir\xf4 Mifune', u'Machiko Ky\xf4', u'Masayuki Mori']"
Amadeus,8.4,R,Biography,160,"[u'F. Murray Abraham', u'Tom Hulce', u'Elizabeth Berridge']"
The Treasure of the Sierra Madre,8.3,NOT RATED,Action,126,"[u'Humphrey Bogart', u'Walter Huston', u'Tim Holt']"
Monty Python and the Holy Grail,8.3,PG,Adventure,91,"[u'Graham Chapman', u'John Cleese', u'Eric Idle']"
Full Metal Jacket,8.3,R,Drama,116,"[u'Matthew Modine', u'R. Lee Ermey', u""Vincent D'Onofrio""]"
The Apartment,8.3,APPROVED,Comedy,125,"[u'Jack Lemmon', u'Shirley MacLaine', u'Fred MacMurray']"
Ikiru,8.3,NOT RATED,Drama,143,"[u'Takashi Shimura', u'Nobuo Kaneko', u""Shin'ichi Himori""]"
The Third Man,8.3,NOT RATED,Film-Noir,93,"[u'Orson Welles', u'Joseph Cotten', u'Alida Valli']"
Snatch.,8.3,R,Comedy,102,"[u'Jason Statham', u'Brad Pitt', u'Benicio Del Toro']"
For a Few Dollars More,8.3,APPROVED,Western,132,"[u'Clint Eastwood', u'Lee Van Cleef', u'Gian Maria Volont\xe9']"
Metropolis,8.3,NOT RATED,Drama,153,"[u'Brigitte Helm', u'Alfred Abel', u'Gustav Fr\xf6hlich']"
Dil Chahta Hai,8.3,NOT RATED,Comedy,183,"[u'Aamir Khan', u'Saif Ali Khan', u'Akshaye Khanna']"
2001: A Space Odyssey,8.3,G,Mystery,160,"[u'Keir Dullea', u'Gary Lockwood', u'William Sylvester']"
Some Like It Hot,8.3,NOT RATED,Comedy,120,"[u'Marilyn Monroe', u'Tony Curtis', u'Jack Lemmon']"
L.A. Confidential,8.3,R,Crime,138,"[u'Kevin Spacey', u'Russell Crowe', u'Guy Pearce']"
Batman Begins,8.3,PG-13,Action,140,"[u'Christian Bale', u'Michael Caine', u'Ken Watanabe']"
Inglourious Basterds,8.3,R,Adventure,153,"[u'Brad Pitt', u'Diane Kruger', u'Eli Roth']"
Scarface,8.3,R,Crime,170,"[u'Al Pacino', u'Michelle Pfeiffer', u'Steven Bauer']"
Mr. Smith Goes to Washington,8.3,NOT RATED,Drama,129,"[u'James Stewart', u'Jean Arthur', u'Claude Rains']"
Toy Story,8.3,G,Animation,81,"[u'Tom Hanks', u'Tim Allen', u'Don Rickles']"
Indiana Jones and the Last Crusade,8.3,PG-13,Action,127,"[u'Harrison Ford', u'Sean Connery', u'Alison Doody']"
Unforgiven,8.3,R,Western,131,"[u'Clint Eastwood', u'Gene Hackman', u'Morgan Freeman']"
The Great Escape,8.3,UNRATED,Adventure,172,"[u'Steve McQueen', u'James Garner', u'Richard Attenborough']"
Jagten,8.3,R,Drama,115,"[u'Mads Mikkelsen', u'Thomas Bo Larsen', u'Annika Wedderkopp']"
On the Waterfront,8.3,NOT RATED,Crime,108,"[u'Marlon Brando', u'Karl Malden', u'Lee J. Cobb']"
The General,8.3,UNRATED,Action,107,"[u'Buster Keaton', u'Marion Mack', u'Glen Cavender']"
Raging Bull,8.3,R,Biography,129,"[u'Robert De Niro', u'Cathy Moriarty', u'Joe Pesci']"
Downfall,8.3,R,Biography,156,"[u'Bruno Ganz', u'Alexandra Maria Lara', u'Ulrich Matthes']"
Up,8.3,PG,Animation,96,"[u'Edward Asner', u'Jordan Nagai', u'John Ratzenberger']"
Wild Strawberries,8.3,UNRATED,Drama,91,"[u'Victor Sj\xf6str\xf6m', u'Bibi Andersson', u'Ingrid Thulin']"
The Gold Rush,8.3,NOT RATED,Adventure,95,"[u'Charles Chaplin', u'Mack Swain', u'Tom Murray']"
Ran,8.3,R,Action,162,"[u'Tatsuya Nakadai', u'Akira Terao', u'Jinpachi Nezu']"
Chinatown,8.3,R,Drama,130,"[u'Jack Nicholson', u'Faye Dunaway', u'John Huston']"
My Neighbor Totoro,8.3,G,Animation,86,"[u'Hitoshi Takagi', u'Noriko Hidaka', u'Chika Sakamoto']"
Judgment at Nuremberg,8.3,NOT RATED,Drama,186,"[u'Spencer Tracy', u'Burt Lancaster', u'Richard Widmark']"
Barfi!,8.3,NOT RATED,Adventure,151,"[u'Ranbir Kapoor', u'Priyanka Chopra', u'Ileana']"
The Seventh Seal,8.3,NOT RATED,Drama,96,"[u'Max von Sydow', u'Gunnar Bj\xf6rnstrand', u'Bengt Ekerot']"
Heat,8.3,R,Action,170,"[u'Al Pacino', u'Robert De Niro', u'Val Kilmer']"
Pan's Labyrinth,8.3,R,Drama,118,"[u'Ivana Baquero', u'Ariadna Gil', u'Sergi L\xf3pez']"
The Bridge on the River Kwai,8.3,PG,Adventure,161,"[u'William Holden', u'Alec Guinness', u'Jack Hawkins']"
Die Hard,8.3,R,Action,131,"[u'Bruce Willis', u'Alan Rickman', u'Bonnie Bedelia']"
Good Will Hunting,8.3,R,Drama,126,"[u'Robin Williams', u'Matt Damon', u'Ben Affleck']"
The Wages of Fear,8.3,NOT RATED,Adventure,131,"[u'Yves Montand', u'Charles Vanel', u'Peter van Eyck']"
The Secret in Their Eyes,8.3,R,Drama,129,"[u'Ricardo Dar\xedn', u'Soledad Villamil', u'Pablo Rago']"
Lagaan: Once Upon a Time in India,8.3,PG,Adventure,224,"[u'Aamir Khan', u'Gracy Singh', u'Rachel Shelley']"
The Wolf of Wall Street,8.2,R,Biography,180,"[u'Leonardo DiCaprio', u'Jonah Hill', u'Margot Robbie']"
It Happened One Night,8.2,UNRATED,Comedy,105,"[u'Clark Gable', u'Claudette Colbert', u'Walter Connolly']"
Blade Runner,8.2,R,Sci-Fi,117,"[u'Harrison Ford', u'Rutger Hauer', u'Sean Young']"
Warrior,8.2,PG-13,Drama,140,"[u'Tom Hardy', u'Nick Nolte', u'Joel Edgerton']"
Howl's Moving Castle,8.2,PG,Animation,119,"[u'Chieko Baish\xf4', u'Takuya Kimura', u'Tatsuya Gash\xfbin']"
The Elephant Man,8.2,PG,Biography,124,"[u'Anthony Hopkins', u'John Hurt', u'Anne Bancroft']"
Rebecca,8.2,NOT RATED,Mystery,130,"[u'Laurence Olivier', u'Joan Fontaine', u'George Sanders']"
Incendies,8.2,R,Drama,139,"[u'Lubna Azabal', u'M\xe9lissa D\xe9sormeaux-Poulin', u'Maxim Gaudette']"
"Lock, Stock and Two Smoking Barrels",8.2,R,Comedy,107,"[u'Jason Flemyng', u'Dexter Fletcher', u'Nick Moran']"
V for Vendetta,8.2,R,Action,132,"[u'Hugo Weaving', u'Natalie Portman', u'Rupert Graves']"
The Big Lebowski,8.2,R,Comedy,117,"[u'Jeff Bridges', u'John Goodman', u'Julianne Moore']"
Cool Hand Luke,8.2,PG,Crime,126,"[u'Paul Newman', u'George Kennedy', u'Strother Martin']"
Relatos salvajes,8.2,R,Comedy,122,"[u'Dar\xedo Grandinetti', u'Mar\xeda Marull', u'M\xf3nica Villa']"
Casino,8.2,R,Biography,178,"[u'Robert De Niro', u'Sharon Stone', u'Joe Pesci']"
Gone with the Wind,8.2,G,Drama,238,"[u'Clark Gable', u'Vivien Leigh', u'Thomas Mitchell']"
Gone Girl,8.2,R,Drama,149,"[u'Ben Affleck', u'Rosamund Pike', u'Neil Patrick Harris']"
The Best Years of Our Lives,8.2,PASSED,Drama,172,"[u'Fredric March', u'Dana Andrews', u'Myrna Loy']"
How to Train Your Dragon,8.2,PG,Animation,98,"[u'Jay Baruchel', u'Gerard Butler', u'Christopher Mintz-Plasse']"
Diabolique,8.2,UNRATED,Horror,116,"[u'Simone Signoret', u'V\xe9ra Clouzot', u'Paul Meurisse']"
Gran Torino,8.2,R,Drama,116,"[u'Clint Eastwood', u'Bee Vang', u'Christopher Carley']"
Rush,8.2,R,Action,123,"[u'Daniel Br\xfchl', u'Chris Hemsworth', u'Olivia Wilde']"
Into the Wild,8.2,R,Adventure,148,"[u'Emile Hirsch', u'Vince Vaughn', u'Catherine Keener']"
My Sassy Girl,8.2,NOT RATED,Comedy,123,"[u'Tae-hyun Cha', u'Gianna Jun', u'In-mun Kim']"
The Deer Hunter,8.2,R,Drama,182,"[u'Robert De Niro', u'Christopher Walken', u'John Cazale']"
Mary and Max,8.2,NOT RATED,Animation,92,"[u'Toni Collette', u'Philip Seymour Hoffman', u'Eric Bana']"
Hachi: A Dog's Tale,8.2,G,Drama,93,"[u'Richard Gere', u'Joan Allen', u'Cary-Hiroyuki Tagawa']"
The Maltese Falcon,8.2,NOT RATED,Crime,100,"[u'Humphrey Bogart', u'Mary Astor', u'Gladys George']"
A Beautiful Mind,8.2,PG-13,Biography,135,"[u'Russell Crowe', u'Ed Harris', u'Jennifer Connelly']"
Dial M for Murder,8.2,PG,Crime,105,"[u'Ray Milland', u'Grace Kelly', u'Robert Cummings']"
Trainspotting,8.2,R,Drama,94,"[u'Ewan McGregor', u'Ewen Bremner', u'Jonny Lee Miller']"
Tae Guk Gi: The Brotherhood of War,8.2,R,Action,140,"[u'Dong-gun Jang', u'Bin Won', u'Eun-ju Lee']"
Persona,8.2,NOT RATED,Drama,83,"[u'Bibi Andersson', u'Liv Ullmann', u'Margaretha Krook']"
Touch of Evil,8.2,PG-13,Crime,95,"[u'Charlton Heston', u'Orson Welles', u'Janet Leigh']"
Fargo,8.2,R,Crime,98,"[u'William H. Macy', u'Frances McDormand', u'Steve Buscemi']"
The Avengers,8.2,PG-13,Action,143,"[u'Robert Downey Jr.', u'Chris Evans', u'Scarlett Johansson']"
The 400 Blows,8.2,NOT RATED,Crime,99,"[u'Jean-Pierre L\xe9aud', u'Albert R\xe9my', u'Claire Maurier']"
The Princess Bride,8.2,PG,Adventure,98,"[u'Cary Elwes', u'Mandy Patinkin', u'Robin Wright']"
Hotel Rwanda,8.2,PG-13,Drama,121,"[u'Don Cheadle', u'Sophie Okonedo', u'Joaquin Phoenix']"
Stalker,8.2,NOT RATED,Drama,163,"[u'Alisa Freyndlikh', u'Aleksandr Kaydanovskiy', u'Anatoliy Solonitsyn']"
The Battle of Algiers,8.2,NOT RATED,Crime,121,"[u'Brahim Hadjadj', u'Jean Martin', u'Yacef Saadi']"
Underground,8.2,NOT RATED,Comedy,167,"[u'Predrag Manojlovic', u'Lazar Ristovski', u'Mirjana Jokovic']"
Fanny and Alexander,8.2,R,Drama,188,"[u'Bertil Guve', u'Pernilla Allwin', u'Kristina Adolphson']"
Network,8.2,R,Drama,121,"[u'Faye Dunaway', u'William Holden', u'Peter Finch']"
The Thing,8.2,R,Horror,109,"[u'Kurt Russell', u'Wilford Brimley', u'Keith David']"
Butch Cassidy and the Sundance Kid,8.2,,Biography,110,"[u'Paul Newman', u'Robert Redford', u'Katharine Ross']"
The Grapes of Wrath,8.2,NOT RATED,Drama,129,"[u'Henry Fonda', u'Jane Darwell', u'John Carradine']"
"Black Cat, White Cat",8.2,R,Comedy,127,"[u'Bajram Severdzan', u'Srdjan Todorovic', u'Branka Katic']"
Life of Brian,8.2,R,Comedy,94,"[u'Graham Chapman', u'John Cleese', u'Michael Palin']"
The Sixth Sense,8.2,PG-13,Drama,107,"[u'Bruce Willis', u'Haley Joel Osment', u'Toni Collette']"
Finding Nemo,8.2,G,Animation,100,"[u'Albert Brooks', u'Ellen DeGeneres', u'Alexander Gould']"
Nausicaa of the Valley of the Wind,8.2,PG,Animation,117,"[u'Sumi Shimamoto', u'Mahito Tsujimura', u'Hisako Ky\xf4da']"
Kingsman: The Secret Service,8.1,R,Action,129,"[u'Colin Firth', u'Taron Egerton', u'Samuel L. Jackson']"
Platoon,8.1,R,Drama,120,"[u'Charlie Sheen', u'Tom Berenger', u'Willem Dafoe']"
Guardians of the Galaxy,8.1,PG-13,Action,121,"[u'Chris Pratt', u'Vin Diesel', u'Bradley Cooper']"
In the Name of the Father,8.1,R,Biography,133,"[u'Daniel Day-Lewis', u'Pete Postlethwaite', u'Alison Crosbie']"
Kill Bill: Vol. 1,8.1,R,Action,111,"[u'Uma Thurman', u'David Carradine', u'Daryl Hannah']"
No Country for Old Men,8.1,R,Crime,122,"[u'Tommy Lee Jones', u'Javier Bardem', u'Josh Brolin']"
Le Samourai,8.1,PG,Crime,101,"[u'Alain Delon', u'Nathalie Delon', u'Fran\xe7ois P\xe9rier']"
12 Years a Slave,8.1,R,Biography,134,"[u'Chiwetel Ejiofor', u'Michael Kenneth Williams', u'Michael Fassbender']"
La leggenda del pianista sull'oceano,8.1,R,Drama,165,"[u'Tim Roth', u'Pruitt Taylor Vince', u'Bill Nunn']"
8 1/2,8.1,NOT RATED,Drama,138,"[u'Marcello Mastroianni', u'Anouk Aim\xe9e', u'Claudia Cardinale']"
Ben-Hur,8.1,G,Adventure,212,"[u'Charlton Heston', u'Jack Hawkins', u'Stephen Boyd']"
Amores Perros,8.1,R,Drama,154,"[u'Emilio Echevarr\xeda', u'Gael Garc\xeda Bernal', u'Goya Toledo']"
Stand by Me,8.1,R,Adventure,89,"[u'Wil Wheaton', u'River Phoenix', u'Corey Feldman']"
What Ever Happened to Baby Jane?,8.1,APPROVED,Drama,134,"[u'Bette Davis', u'Joan Crawford', u'Victor Buono']"
Annie Hall,8.1,PG,Comedy,93,"[u'Woody Allen', u'Diane Keaton', u'Tony Roberts']"
The Imitation Game,8.1,PG-13,Biography,114,"[u'Benedict Cumberbatch', u'Keira Knightley', u'Matthew Goode']"
Laura,8.1,APPROVED,Film-Noir,88,"[u'Gene Tierney', u'Dana Andrews', u'Clifton Webb']"
Departures,8.1,PG-13,Drama,130,"[u'Masahiro Motoki', u'Ry\xf4ko Hirosue', u'Tsutomu Yamazaki']"
Infernal Affairs,8.1,R,Crime,101,"[u'Andy Lau', u'Tony Chiu Wai Leung', u'Anthony Chau-Sang Wong']"
There Will Be Blood,8.1,R,Drama,158,"[u'Daniel Day-Lewis', u'Paul Dano', u'Ciar\xe1n Hinds']"
The Grand Budapest Hotel,8.1,R,Adventure,99,"[u'Ralph Fiennes', u'F. Murray Abraham', u'Mathieu Amalric']"
La Strada,8.1,NOT RATED,Drama,108,"[u'Anthony Quinn', u'Giulietta Masina', u'Richard Basehart']"
Sin City,8.1,R,Crime,124,"[u'Mickey Rourke', u'Clive Owen', u'Bruce Willis']"
Memories of Murder,8.1,UNRATED,Crime,132,"[u'Kang-ho Song', u'Sang-kyung Kim', u'Roe-ha Kim']"
Donnie Darko,8.1,R,Drama,113,"[u'Jake Gyllenhaal', u'Jena Malone', u'Mary McDonnell']"
Who's Afraid of Virginia Woolf?,8.1,TV-MA,Drama,131,"[u'Elizabeth Taylor', u'Richard Burton', u'George Segal']"
Gandhi,8.1,PG,Biography,191,"[u'Ben Kingsley', u'John Gielgud', u'Candice Bergen']"
Solaris,8.1,PG,Drama,167,"[u'Natalya Bondarchuk', u'Donatas Banionis', u'J\xfcri J\xe4rvet']"
Harry Potter and the Deathly Hallows: Part 2,8.1,PG-13,Adventure,130,"[u'Daniel Radcliffe', u'Emma Watson', u'Rupert Grint']"
"Paris, Texas",8.1,R,Drama,147,"[u'Harry Dean Stanton', u'Nastassja Kinski', u'Dean Stockwell']"
The Wizard of Oz,8.1,PASSED,Adventure,102,"[u'Judy Garland', u'Frank Morgan', u'Ray Bolger']"
3-Iron,8.1,R,Crime,88,"[u'Seung-yeon Lee', u'Hyun-kyoon Lee', u'Hyuk-ho Kwon']"
Boyhood,8.1,R,Drama,165,"[u'Ellar Coltrane', u'Patricia Arquette', u'Ethan Hawke']"
Million Dollar Baby,8.1,PG-13,Drama,132,"[u'Hilary Swank', u'Clint Eastwood', u'Morgan Freeman']"
The Last Picture Show,8.1,R,Drama,118,"[u'Timothy Bottoms', u'Jeff Bridges', u'Cybill Shepherd']"
Strangers on a Train,8.1,APPROVED,Crime,101,"[u'Farley Granger', u'Robert Walker', u'Ruth Roman']"
Cat on a Hot Tin Roof,8.1,APPROVED,Drama,108,"[u'Elizabeth Taylor', u'Paul Newman', u'Burl Ives']"
La Dolce Vita,8.1,NOT RATED,Comedy,174,"[u'Marcello Mastroianni', u'Anita Ekberg', u'Anouk Aim\xe9e']"
Chungking Express,8.1,PG-13,Drama,98,"[u'Brigitte Lin', u'Takeshi Kaneshiro', u'Tony Chiu Wai Leung']"
The Night of the Hunter,8.1,APPROVED,Crime,92,"[u'Robert Mitchum', u'Shelley Winters', u'Lillian Gish']"
La Haine,8.1,NOT RATED,Crime,98,"[u'Vincent Cassel', u'Hubert Kound\xe9', u'Sa\xefd Taghmaoui']"
Yip Man,8.1,R,Action,106,"[u'Donnie Yen', u'Simon Yam', u'Siu-Wong Fan']"
High Noon,8.1,PG,Western,85,"[u'Gary Cooper', u'Grace Kelly', u'Thomas Mitchell']"
Notorious,8.1,APPROVED,Drama,101,"[u'Cary Grant', u'Ingrid Bergman', u'Claude Rains']"
Before Sunrise,8.1,R,Drama,105,"[u'Ethan Hawke', u'Julie Delpy', u'Andrea Eckert']"
Elite Squad: The Enemy Within,8.1,UNRATED,Action,115,"[u'Wagner Moura', u'Irandhir Santos', u'Andr\xe9 Ramiro']"
The Bourne Ultimatum,8.1,PG-13,Action,115,"[u'Matt Damon', u'\xc9dgar Ram\xedrez', u'Joan Allen']"
Castle in the Sky,8.1,PG,Animation,124,"[u'Anna Paquin', u'James Van Der Beek', u'Cloris Leachman']"
The Celebration,8.1,R,Drama,105,"[u'Ulrich Thomsen', u'Henning Moritzen', u'Thomas Bo Larsen']"
"Spring, Summer, Fall, Winter... and Spring",8.1,R,Drama,103,"[u'Ki-duk Kim', u'Yeong-su Oh', u'Jong-ho Kim']"
Shutter Island,8.1,R,Mystery,138,"[u'Leonardo DiCaprio', u'Emily Mortimer', u'Mark Ruffalo']"
Barry Lyndon,8.1,PG,Adventure,184,"[u""Ryan O'Neal"", u'Marisa Berenson', u'Patrick Magee']"
Stalag 17,8.1,NOT RATED,Comedy,120,"[u'William Holden', u'Don Taylor', u'Otto Preminger']"
Three Colors: Red,8.1,R,Drama,99,"[u'Ir\xe8ne Jacob', u'Jean-Louis Trintignant', u'Fr\xe9d\xe9rique Feder']"
X-Men: Days of Future Past,8.1,PG-13,Action,131,"[u'Patrick Stewart', u'Ian McKellen', u'Hugh Jackman']"
Sleuth,8.1,PG,Mystery,138,"[u'Laurence Olivier', u'Michael Caine', u'Alec Cawthorne']"
In the Mood for Love,8.1,PG,Drama,98,"[u'Tony Chiu Wai Leung', u'Maggie Cheung', u'Ping Lam Siu']"
The Man Who Shot Liberty Valance,8.1,APPROVED,Drama,123,"[u'James Stewart', u'John Wayne', u'Vera Miles']"
Arsenic and Old Lace,8.1,NOT RATED,Comedy,118,"[u'Cary Grant', u'Priscilla Lane', u'Raymond Massey']"
The Big Sleep,8.1,APPROVED,Crime,114,"[u'Humphrey Bogart', u'Lauren Bacall', u'John Ridgely']"
Roman Holiday,8.1,NOT RATED,Comedy,118,"[u'Gregory Peck', u'Audrey Hepburn', u'Eddie Albert']"
The Philadelphia Story,8.1,NOT RATED,Comedy,112,"[u'Cary Grant', u'Katharine Hepburn', u'James Stewart']"
Akira,8.1,R,Animation,124,"[u'Nozomu Sasaki', u'Mami Koyama', u'Mitsuo Iwata']"
Anatomy of a Murder,8.1,UNRATED,Crime,160,"[u'James Stewart', u'Lee Remick', u'Ben Gazzara']"
The Cabinet of Dr. Caligari,8.1,UNRATED,Crime,67,"[u'Werner Krauss', u'Conrad Veidt', u'Friedrich Feher']"
The Help,8.1,PG-13,Drama,146,"[u'Emma Stone', u'Viola Davis', u'Octavia Spencer']"
The Sea Inside,8.1,PG-13,Biography,125,"[u'Javier Bardem', u'Bel\xe9n Rueda', u'Lola Due\xf1as']"
Elite Squad,8.1,R,Action,115,"[u'Wagner Moura', u'Andr\xe9 Ramiro', u'Caio Junqueira']"
The Hustler,8.1,UNRATED,Drama,134,"[u'Paul Newman', u'Jackie Gleason', u'Piper Laurie']"
Rio Bravo,8.1,NOT RATED,Western,141,"[u'John Wayne', u'Dean Martin', u'Ricky Nelson']"
Twelve Monkeys,8.1,R,Mystery,129,"[u'Bruce Willis', u'Madeleine Stowe', u'Brad Pitt']"
Harvey,8.1,NOT RATED,Comedy,104,"[u'James Stewart', u'Josephine Hull', u'Peggy Dow']"
A Christmas Story,8.1,PG,Comedy,94,"[u'Peter Billingsley', u'Melinda Dillon', u'Darren McGavin']"
Jaws,8.1,PG,Drama,124,"[u'Roy Scheider', u'Robert Shaw', u'Richard Dreyfuss']"
The Raid 2,8.1,R,Action,150,"[u'Iko Uwais', u'Yayan Ruhian', u'Arifin Putra']"
Rocky,8.1,PG,Drama,119,"[u'Sylvester Stallone', u'Talia Shire', u'Burt Young']"
Wings of Desire,8.1,PG-13,Drama,128,"[u'Bruno Ganz', u'Solveig Dommartin', u'Otto Sander']"
Pirates of the Caribbean: The Curse of the Black Pearl,8.1,PG-13,Adventure,143,"[u'Johnny Depp', u'Geoffrey Rush', u'Orlando Bloom']"
The Killing,8.1,APPROVED,Crime,85,"[u'Sterling Hayden', u'Coleen Gray', u'Vince Edwards']"
Papillon,8.1,R,Biography,151,"[u'Steve McQueen', u'Dustin Hoffman', u'Victor Jory']"
The King's Speech,8.1,R,Biography,118,"[u'Colin Firth', u'Geoffrey Rush', u'Helena Bonham Carter']"
Groundhog Day,8.1,PG,Comedy,101,"[u'Bill Murray', u'Andie MacDowell', u'Chris Elliott']"
A Fistful of Dollars,8.1,R,Action,99,"[u'Clint Eastwood', u'Gian Maria Volont\xe9', u'Marianne Koch']"
"Monsters, Inc.",8.1,G,Animation,92,"[u'Billy Crystal', u'John Goodman', u'Mary Gibbs']"
Dog Day Afternoon,8.1,R,Crime,125,"[u'Al Pacino', u'John Cazale', u'Penelope Allen']"
The Perks of Being a Wallflower,8.1,PG-13,Drama,102,"[u'Logan Lerman', u'Emma Watson', u'Ezra Miller']"
Young Frankenstein,8.1,PG,Comedy,106,"[u'Gene Wilder', u'Madeline Kahn', u'Marty Feldman']"
The Terminator,8.1,R,Action,107,"[u'Arnold Schwarzenegger', u'Linda Hamilton', u'Michael Biehn']"
Harold and Maude,8.1,GP,Comedy,91,"[u'Ruth Gordon', u'Bud Cort', u'Vivian Pickles']"
Before Sunset,8.1,R,Drama,80,"[u'Ethan Hawke', u'Julie Delpy', u'Vernon Dobtcheff']"
A Streetcar Named Desire,8.1,PG,Drama,122,"[u'Vivien Leigh', u'Marlon Brando', u'Kim Hunter']"
Bringing Up Baby,8.1,APPROVED,Comedy,102,"[u'Katharine Hepburn', u'Cary Grant', u'Charles Ruggles']"
The Diving Bell and the Butterfly,8.1,PG-13,Biography,112,"[u'Mathieu Amalric', u'Emmanuelle Seigner', u'Marie-Jos\xe9e Croze']"
His Girl Friday,8.1,APPROVED,Comedy,92,"[u'Cary Grant', u'Rosalind Russell', u'Ralph Bellamy']"
Sling Blade,8.1,R,Drama,135,"[u'Billy Bob Thornton', u'Dwight Yoakam', u'J.T. Walsh']"
All Quiet on the Western Front,8.1,UNRATED,Drama,136,"[u'Lew Ayres', u'Louis Wolheim', u'John Wray']"
Prisoners,8.1,R,Crime,153,"[u'Hugh Jackman', u'Jake Gyllenhaal', u'Viola Davis']"
The Return,8.1,UNRATED,Drama,105,"[u'Vladimir Garin', u'Ivan Dobronravov', u'Konstantin Lavronenko']"
The Manchurian Candidate,8.1,APPROVED,Mystery,126,"[u'Frank Sinatra', u'Laurence Harvey', u'Janet Leigh']"
Duck Soup,8.1,PASSED,Comedy,68,"[u'Groucho Marx', u'Harpo Marx', u'Chico Marx']"
Beauty and the Beast,8.1,G,Animation,84,"[u""Paige O'Hara"", u'Robby Benson', u'Richard White']"
The Truman Show,8.1,PG,Drama,103,"[u'Jim Carrey', u'Ed Harris', u'Laura Linney']"
The Wild Bunch,8.1,R,Action,145,"[u'William Holden', u'Ernest Borgnine', u'Robert Ryan']"
Rope,8.0,PG,Crime,80,"[u'James Stewart', u'John Dall', u'Farley Granger']"
The Graduate,8.0,APPROVED,Comedy,106,"[u'Dustin Hoffman', u'Anne Bancroft', u'Katharine Ross']"
Jurassic Park,8.0,PG-13,Adventure,127,"[u'Sam Neill', u'Laura Dern', u'Jeff Goldblum']"
Dogville,8.0,R,Crime,178,"[u'Nicole Kidman', u'Paul Bettany', u'Lauren Bacall']"
Furious 7,8.0,PG-13,Action,137,"[u'Vin Diesel', u'Paul Walker', u'Dwayne Johnson']"
Patton,8.0,GP,Biography,172,"[u'George C. Scott', u'Karl Malden', u'Stephen Young']"
The Nightmare Before Christmas,8.0,PG,Animation,76,"[u'Danny Elfman', u'Chris Sarandon', u""Catherine O'Hara""]"
Being There,8.0,PG,Comedy,130,"[u'Peter Sellers', u'Shirley MacLaine', u'Melvyn Douglas']"
Persepolis,8.0,PG-13,Animation,96,"[u'Chiara Mastroianni', u'Catherine Deneuve', u'Gena Rowlands']"
This Is Spinal Tap,8.0,R,Comedy,82,"[u'Rob Reiner', u'Michael McKean', u'Christopher Guest']"
East of Eden,8.0,PG,Drama,115,"[u'James Dean', u'Raymond Massey', u'Julie Harris']"
Pink Floyd The Wall,8.0,R,Animation,95,"[u'Bob Geldof', u'Christine Hargreaves', u'James Laurenson']"
Blood Diamond,8.0,R,Adventure,143,"[u'Leonardo DiCaprio', u'Djimon Hounsou', u'Jennifer Connelly']"
Big Fish,8.0,PG-13,Adventure,125,"[u'Ewan McGregor', u'Albert Finney', u'Billy Crudup']"
Slumdog Millionaire,8.0,R,Drama,120,"[u'Dev Patel', u'Freida Pinto', u'Saurabh Shukla']"
Star Trek,8.0,PG-13,Action,127,"[u'Chris Pine', u'Zachary Quinto', u'Simon Pegg']"
The Straight Story,8.0,G,Biography,112,"[u'Richard Farnsworth', u'Sissy Spacek', u'Jane Galloway Heitz']"
Crimes and Misdemeanors,8.0,PG-13,Comedy,104,"[u'Martin Landau', u'Woody Allen', u'Bill Bernstein']"
Charade,8.0,NOT RATED,Comedy,113,"[u'Cary Grant', u'Audrey Hepburn', u'Walter Matthau']"
JFK,8.0,R,Drama,189,"[u'Kevin Costner', u'Gary Oldman', u'Jack Lemmon']"
Dawn of the Dead,8.0,UNRATED,Horror,127,"[u'David Emge', u'Ken Foree', u'Scott H. Reiniger']"
Magnolia,8.0,R,Drama,188,"[u'Tom Cruise', u'Jason Robards', u'Julianne Moore']"
Manhattan,8.0,R,Comedy,96,"[u'Woody Allen', u'Diane Keaton', u'Mariel Hemingway']"
Central Station,8.0,R,Drama,113,"[u'Fernanda Montenegro', u'Vin\xedcius de Oliveira', u'Mar\xedlia P\xeara']"
Brazil,8.0,R,Sci-Fi,132,"[u'Jonathan Pryce', u'Kim Greist', u'Robert De Niro']"
The Exorcist,8.0,R,Horror,122,"[u'Ellen Burstyn', u'Max von Sydow', u'Linda Blair']"
Her,8.0,R,Drama,126,"[u'Joaquin Phoenix', u'Amy Adams', u'Scarlett Johansson']"
Dancer in the Dark,8.0,R,Crime,140,"[u'Bj\xf6rk', u'Catherine Deneuve', u'David Morse']"
Rain Man,8.0,R,Drama,133,"[u'Dustin Hoffman', u'Tom Cruise', u'Valeria Golino']"
Talk to Her,8.0,R,Drama,112,"[u'Rosario Flores', u'Javier C\xe1mara', u'Dar\xedo Grandinetti']"
The Adventures of Robin Hood,8.0,PG,Action,102,"[u'Errol Flynn', u'Olivia de Havilland', u'Basil Rathbone']"
"Aguirre, the Wrath of God",8.0,NOT RATED,Adventure,93,"[u'Klaus Kinski', u'Ruy Guerra', u'Helena Rojo']"
In the Heat of the Night,8.0,APPROVED,Crime,109,"[u'Sidney Poitier', u'Rod Steiger', u'Warren Oates']"
Nosferatu,8.0,UNRATED,Horror,81,"[u'Max Schreck', u'Greta Schr\xf6der', u'Ruth Landshoff']"
Black Swan,8.0,R,Drama,108,"[u'Natalie Portman', u'Mila Kunis', u'Vincent Cassel']"
Ratatouille,8.0,G,Animation,111,"[u'Brad Garrett', u'Lou Romano', u'Patton Oswalt']"
The Searchers,8.0,APPROVED,Adventure,119,"[u'John Wayne', u'Jeffrey Hunter', u'Vera Miles']"
Short Term 12,8.0,R,Drama,96,"[u'Brie Larson', u'Frantz Turner', u'John Gallagher Jr.']"
Doctor Zhivago,8.0,PG-13,Drama,197,"[u'Omar Sharif', u'Julie Christie', u'Geraldine Chaplin']"
Life of Pi,8.0,PG,Adventure,127,"[u'Suraj Sharma', u'Irrfan Khan', u'Adil Hussain']"
All the President's Men,8.0,R,Drama,138,"[u'Dustin Hoffman', u'Robert Redford', u'Jack Warden']"
Battleship Potemkin,8.0,UNRATED,History,66,"[u'Aleksandr Antonov', u'Vladimir Barsky', u'Grigori Aleksandrov']"
Dances with Wolves,8.0,PG-13,Adventure,181,"[u'Kevin Costner', u'Mary McDonnell', u'Graham Greene']"
Catch Me If You Can,8.0,PG-13,Biography,141,"[u'Leonardo DiCaprio', u'Tom Hanks', u'Christopher Walken']"
Cinderella Man,8.0,PG-13,Biography,144,"[u'Russell Crowe', u'Ren\xe9e Zellweger', u'Craig Bierko']"
Dead Poets Society,8.0,PG,Drama,128,"[u'Robin Williams', u'Robert Sean Leonard', u'Ethan Hawke']"
Ghost in the Shell,8.0,NOT RATED,Animation,83,"[u'Atsuko Tanaka', u'Iemasa Kayumi', u'Akio \xd4tsuka']"
Head-On,8.0,R,Drama,121,"[u'Birol \xdcnel', u'Sibel Kekilli', u'G\xfcven Kira\xe7']"
No Man's Land,8.0,R,Drama,98,"[u'Branko Djuric', u'Rene Bitorajac', u'Filip Sovagovic']"
Dallas Buyers Club,8.0,R,Biography,117,"[u'Matthew McConaughey', u'Jennifer Garner', u'Jared Leto']"
Days of Heaven,8.0,PG,Drama,94,"[u'Richard Gere', u'Brooke Adams', u'Sam Shepard']"
The Sound of Music,8.0,G,Biography,174,"[u'Julie Andrews', u'Christopher Plummer', u'Eleanor Parker']"
District 9,8.0,R,Action,112,"[u'Sharlto Copley', u'David James', u'Jason Cope']"
Shadow of a Doubt,8.0,APPROVED,Thriller,108,"[u'Teresa Wright', u'Joseph Cotten', u'Macdonald Carey']"
Frankenstein,8.0,UNRATED,Horror,70,"[u'Colin Clive', u'Mae Clarke', u'Boris Karloff']"
Shaun of the Dead,8.0,R,Comedy,99,"[u'Simon Pegg', u'Nick Frost', u'Kate Ashfield']"
Night of the Living Dead,8.0,UNRATED,Horror,96,"[u'Duane Jones', u""Judith O'Dea"", u'Karl Hardman']"
Kill Bill: Vol. 2,8.0,R,Action,137,"[u'Uma Thurman', u'David Carradine', u'Michael Madsen']"
Secrets & Lies,8.0,R,Drama,136,"[u'Timothy Spall', u'Brenda Blethyn', u'Phyllis Logan']"
The Artist,8.0,PG-13,Comedy,100,"[u'Jean Dujardin', u'B\xe9r\xe9nice Bejo', u'John Goodman']"
Aladdin,8.0,G,Animation,90,"[u'Scott Weinger', u'Robin Williams', u'Linda Larkin']"
The Lady Vanishes,8.0,PASSED,Comedy,96,"[u'Margaret Lockwood', u'Michael Redgrave', u'Paul Lukas']"
The Hobbit: The Desolation of Smaug,8.0,PG-13,Adventure,161,"[u'Ian McKellen', u'Martin Freeman', u'Richard Armitage']"
Let the Right One In,8.0,R,Drama,115,"[u'K\xe5re Hedebrant', u'Lina Leandersson', u'Per Ragnar']"
Fiddler on the Roof,8.0,G,Drama,181,"[u'Topol', u'Norma Crane', u'Leonard Frey']"
The Hobbit: An Unexpected Journey,8.0,PG-13,Adventure,169,"[u'Martin Freeman', u'Ian McKellen', u'Richard Armitage']"
Three Colors: Blue,8.0,R,Drama,98,"[u'Juliette Binoche', u'Zbigniew Zamachowski', u'Julie Delpy']"
Rosemary's Baby,8.0,R,Drama,136,"[u'Mia Farrow', u'John Cassavetes', u'Ruth Gordon']"
Mystic River,8.0,R,Crime,138,"[u'Sean Penn', u'Tim Robbins', u'Kevin Bacon']"
Serenity,8.0,PG-13,Action,119,"[u'Nathan Fillion', u'Gina Torres', u'Chiwetel Ejiofor']"
Amarcord,8.0,R,Comedy,123,"[u'Magali No\xebl', u'Bruno Zanin', u'Pupella Maggio']"
Planet of the Apes,8.0,G,Adventure,112,"[u'Charlton Heston', u'Roddy McDowall', u'Kim Hunter']"
True Romance,8.0,R,Crime,120,"[u'Christian Slater', u'Patricia Arquette', u'Dennis Hopper']"
Hannah and Her Sisters,8.0,PG-13,Comedy,103,"[u'Mia Farrow', u'Dianne Wiest', u'Michael Caine']"
Moon,8.0,R,Drama,97,"[u'Sam Rockwell', u'Kevin Spacey', u'Dominique McElligott']"
Before Midnight,8.0,R,Drama,109,"[u'Ethan Hawke', u'Julie Delpy', u'Seamus Davey-Fitzpatrick']"
My Name Is Khan,8.0,PG-13,Drama,165,"[u'Shah Rukh Khan', u'Kajol', u'Sheetal Menon']"
Scent of a Woman,8.0,R,Drama,156,"[u'Al Pacino', u""Chris O'Donnell"", u'James Rebhorn']"
Mulholland Dr.,8.0,R,Drama,147,"[u'Naomi Watts', u'Laura Harring', u'Justin Theroux']"
King Kong,8.0,UNRATED,Adventure,100,"[u'Fay Wray', u'Robert Armstrong', u'Bruce Cabot']"
The Fault in Our Stars,8.0,PG-13,Drama,126,"[u'Shailene Woodley', u'Ansel Elgort', u'Nat Wolff']"
The Incredibles,8.0,PG,Animation,115,"[u'Craig T. Nelson', u'Samuel L. Jackson', u'Holly Hunter']"
Edward Scissorhands,8.0,PG-13,Drama,105,"[u'Johnny Depp', u'Winona Ryder', u'Dianne Wiest']"
Casino Royale,8.0,PG-13,Action,144,"[u'Daniel Craig', u'Eva Green', u'Judi Dench']"
How to Train Your Dragon 2,8.0,PG,Animation,102,"[u'Jay Baruchel', u'Cate Blanchett', u'Gerard Butler']"
In Bruges,8.0,R,Comedy,107,"[u'Colin Farrell', u'Brendan Gleeson', u'Ciar\xe1n Hinds']"
The Untouchables,8.0,R,Crime,119,"[u'Kevin Costner', u'Sean Connery', u'Robert De Niro']"
Breathless,8.0,UNRATED,Crime,90,"[u'Jean-Paul Belmondo', u'Jean Seberg', u'Daniel Boulanger']"
Spartacus,8.0,PG-13,Action,197,"[u'Kirk Douglas', u'Laurence Olivier', u'Jean Simmons']"
The Iron Giant,8.0,PG,Animation,86,"[u'Eli Marienthal', u'Harry Connick Jr.', u'Jennifer Aniston']"
Midnight Cowboy,8.0,X,Drama,113,"[u'Dustin Hoffman', u'Jon Voight', u'Sylvia Miles']"
The Blues Brothers,8.0,R,Action,133,"[u'John Belushi', u'Dan Aykroyd', u'Cab Calloway']"
Freaks,8.0,UNRATED,Drama,64,"[u'Wallace Ford', u'Leila Hyams', u'Olga Baclanova']"
Letters from Iwo Jima,8.0,R,Drama,141,"[u'Ken Watanabe', u'Kazunari Ninomiya', u'Tsuyoshi Ihara']"
Edge of Tomorrow,8.0,PG-13,Action,113,"[u'Tom Cruise', u'Emily Blunt', u'Bill Paxton']"
Glory,8.0,R,Drama,122,"[u'Matthew Broderick', u'Denzel Washington', u'Cary Elwes']"
The African Queen,8.0,PG,Adventure,105,"[u'Humphrey Bogart', u'Katharine Hepburn', u'Robert Morley']"
Birdman: Or (The Unexpected Virtue of Ignorance),7.9,R,Comedy,119,"[u'Michael Keaton', u'Zach Galifianakis', u'Edward Norton']"
Big Hero 6,7.9,PG,Animation,102,"[u'Ryan Potter', u'Scott Adsit', u'Jamie Chung']"
Almost Famous,7.9,R,Drama,122,"[u'Billy Crudup', u'Patrick Fugit', u'Kate Hudson']"
The Notebook,7.9,PG-13,Drama,123,"[u'Gena Rowlands', u'James Garner', u'Rachel McAdams']"
The Conversation,7.9,PG,Drama,113,"[u'Gene Hackman', u'John Cazale', u'Allen Garfield']"
The Breakfast Club,7.9,R,Comedy,97,"[u'Emilio Estevez', u'Judd Nelson', u'Molly Ringwald']"
The Pursuit of Happyness,7.9,PG-13,Biography,117,"[u'Will Smith', u'Thandie Newton', u'Jaden Smith']"
The Killer,7.9,R,Action,111,"[u'Yun-Fat Chow', u'Danny Lee', u'Sally Yeh']"
Once,7.9,R,Drama,85,"[u'Glen Hansard', u'Mark\xe9ta Irglov\xe1', u'Hugh Walsh']"
Ying xiong,7.9,PG-13,Action,99,"[u'Jet Li', u'Tony Chiu Wai Leung', u'Maggie Cheung']"
The Remains of the Day,7.9,PG,Drama,134,"[u'Anthony Hopkins', u'Emma Thompson', u'John Haycraft']"
The Bride of Frankenstein,7.9,NOT RATED,Horror,75,"[u'Boris Karloff', u'Elsa Lanchester', u'Colin Clive']"
The Wrestler,7.9,R,Drama,109,"[u'Mickey Rourke', u'Marisa Tomei', u'Evan Rachel Wood']"
Nightcrawler,7.9,R,Crime,117,"[u'Jake Gyllenhaal', u'Rene Russo', u'Bill Paxton']"
Gravity,7.9,PG-13,Sci-Fi,91,"[u'Sandra Bullock', u'George Clooney', u'Ed Harris']"
Hard Boiled,7.9,R,Action,128,"[u'Yun-Fat Chow', u'Tony Chiu Wai Leung', u'Teresa Mo']"
Bonnie and Clyde,7.9,APPROVED,Biography,111,"[u'Warren Beatty', u'Faye Dunaway', u'Michael J. Pollard']"
The Bourne Identity,7.9,PG-13,Action,119,"[u'Franka Potente', u'Matt Damon', u'Chris Cooper']"
Key Largo,7.9,UNRATED,Crime,100,"[u'Humphrey Bogart', u'Edward G. Robinson', u'Lauren Bacall']"
Nine Queens,7.9,R,Crime,114,"[u'Ricardo Dar\xedn', u'Gast\xf3n Pauls', u'Leticia Br\xe9dice']"
Toy Story 2,7.9,G,Animation,92,"[u'Tom Hanks', u'Tim Allen', u'Joan Cusack']"
The Killing Fields,7.9,R,Drama,141,"[u'Sam Waterston', u'Haing S. Ngor', u'John Malkovich']"
All About My Mother,7.9,R,Drama,101,"[u'Cecilia Roth', u'Marisa Paredes', u'Candela Pe\xf1a']"
Cowboy Bebop: The Movie,7.9,R,Animation,115,"[u'Beau Billingslea', u'Melissa Fahn', u'Nicholas Guest']"
Ed Wood,7.9,R,Biography,127,"[u'Johnny Depp', u'Martin Landau', u'Sarah Jessica Parker']"
Stagecoach,7.9,NOT RATED,Adventure,96,"[u'John Wayne', u'Claire Trevor', u'Andy Devine']"
The Man Who Would Be King,7.9,PG,Action,129,"[u'Sean Connery', u'Michael Caine', u'Christopher Plummer']"
The Outlaw Josey Wales,7.9,PG,Western,135,"[u'Clint Eastwood', u'Sondra Locke', u'Chief Dan George']"
Children of Men,7.9,R,Drama,109,"[u'Julianne Moore', u'Clive Owen', u'Chiwetel Ejiofor']"
The Insider,7.9,R,Biography,157,"[u'Russell Crowe', u'Al Pacino', u'Christopher Plummer']"
The Right Stuff,7.9,R,Adventure,193,"[u'Sam Shepard', u'Scott Glenn', u'Ed Harris']"
Badlands,7.9,PG,Crime,94,"[u'Martin Sheen', u'Sissy Spacek', u'Warren Oates']"
A Prophet,7.9,R,Crime,155,"[u'Tahar Rahim', u'Niels Arestrup', u'Adel Bencherif']"
"4 Months, 3 Weeks and 2 Days",7.9,NOT RATED,Drama,113,"[u'Anamaria Marinca', u'Vlad Ivanov', u'Laura Vasiliu']"
Le passe,7.9,PG-13,Drama,130,"[u'B\xe9r\xe9nice Bejo', u'Tahar Rahim', u'Ali Mosaffa']"
The Fall,7.9,R,Adventure,117,"[u'Lee Pace', u'Catinca Untaru', u'Justine Waddell']"
Breaking the Waves,7.9,R,Drama,159,"[u'Emily Watson', u'Stellan Skarsg\xe5rd', u'Katrin Cartlidge']"
Mr. Nobody,7.9,R,Drama,141,"[u'Jared Leto', u'Sarah Polley', u'Diane Kruger']"
Crash,7.9,R,Drama,112,"[u'Don Cheadle', u'Sandra Bullock', u'Thandie Newton']"
Avatar,7.9,PG-13,Action,162,"[u'Sam Worthington', u'Zoe Saldana', u'Sigourney Weaver']"
Iron Man,7.9,PG-13,Action,126,"[u'Robert Downey Jr.', u'Gwyneth Paltrow', u'Terrence Howard']"
Do the Right Thing,7.9,R,Comedy,120,"[u'Danny Aiello', u'Ossie Davis', u'Ruby Dee']"
Carlito's Way,7.9,R,Crime,144,"[u'Al Pacino', u'Sean Penn', u'Penelope Ann Miller']"
"Crouching Tiger, Hidden Dragon",7.9,PG-13,Action,120,"[u'Yun-Fat Chow', u'Michelle Yeoh', u'Ziyi Zhang']"
Lilya 4-Ever,7.9,R,Crime,109,"[u'Oksana Akinshina', u'Artyom Bogucharskiy', u'Pavel Ponomaryov']"
The Chorus,7.9,PG-13,Drama,97,"[u'G\xe9rard Jugnot', u'Fran\xe7ois Berl\xe9and', u'Jean-Baptiste Maunier']"
The Boondock Saints,7.9,R,Action,108,"[u'Willem Dafoe', u'Sean Patrick Flanery', u'Norman Reedus']"
Miller's Crossing,7.9,R,Crime,115,"[u'Gabriel Byrne', u'Albert Finney', u'John Turturro']"
Walk the Line,7.9,PG-13,Biography,136,"[u'Joaquin Phoenix', u'Reese Witherspoon', u'Ginnifer Goodwin']"
Shrek,7.9,PG,Animation,90,"[u'Mike Myers', u'Eddie Murphy', u'Cameron Diaz']"
My Fair Lady,7.9,APPROVED,Drama,170,"[u'Audrey Hepburn', u'Rex Harrison', u'Stanley Holloway']"
The Ten Commandments,7.9,APPROVED,Adventure,220,"[u'Charlton Heston', u'Yul Brynner', u'Anne Baxter']"
The Fighter,7.9,R,Biography,116,"[u'Mark Wahlberg', u'Christian Bale', u'Amy Adams']"
Captain Phillips,7.9,PG-13,Biography,134,"[u'Tom Hanks', u'Barkhad Abdi', u'Barkhad Abdirahman']"
Cabaret,7.9,PG,Drama,124,"[u'Liza Minnelli', u'Michael York', u'Helmut Griem']"
Halloween,7.9,R,Drama,91,"[u'Donald Pleasence', u'Jamie Lee Curtis', u'Tony Moran']"
My Left Foot,7.9,R,Biography,103,"[u'Daniel Day-Lewis', u'Brenda Fricker', u'Alison Whelan']"
Miracle on 34th Street,7.9,APPROVED,Comedy,96,"[u'Edmund Gwenn', u""Maureen O'Hara"", u'John Payne']"
The Man from Nowhere,7.9,R,Action,119,"[u'Bin Won', u'Sae-ron Kim', u'Tae-hoon Kim']"
Toki o kakeru shojo,7.9,NOT RATED,Animation,98,"[u'Riisa Naka', u'Takuya Ishida', u'Mitsutaka Itakura']"
Little Miss Sunshine,7.9,R,Adventure,101,"[u'Steve Carell', u'Toni Collette', u'Greg Kinnear']"
Taken,7.9,PG-13,Action,93,"[u'Liam Neeson', u'Maggie Grace', u'Famke Janssen']"
Blue Is the Warmest Color,7.9,NC-17,Drama,179,"[u'L\xe9a Seydoux', u'Ad\xe8le Exarchopoulos', u'Salim Kechiouche']"
Boogie Nights,7.9,R,Drama,155,"[u'Mark Wahlberg', u'Julianne Moore', u'Burt Reynolds']"
Hot Fuzz,7.9,R,Comedy,121,"[u'Simon Pegg', u'Nick Frost', u'Martin Freeman']"
Ferris Bueller's Day Off,7.9,PG-13,Comedy,103,"[u'Matthew Broderick', u'Alan Ruck', u'Mia Sara']"
The World's Fastest Indian,7.9,PG-13,Biography,127,"[u'Anthony Hopkins', u'Diane Ladd', u'Iain Rea']"
Kiki's Delivery Service,7.9,G,Animation,103,"[u'Kirsten Dunst', u'Minami Takayama', u'Rei Sakuma']"
Down by Law,7.9,R,Comedy,107,"[u'Tom Waits', u'John Lurie', u'Roberto Benigni']"
Glengarry Glen Ross,7.9,R,Drama,100,"[u'Al Pacino', u'Jack Lemmon', u'Alec Baldwin']"
Clerks,7.9,R,Comedy,92,"[u""Brian O'Halloran"", u'Jeff Anderson', u'Marilyn Ghigliotti']"
Adam's Apples,7.9,R,Comedy,94,"[u'Ulrich Thomsen', u'Mads Mikkelsen', u'Nicolas Bro']"
The Girl with the Dragon Tattoo,7.9,R,Crime,158,"[u'Daniel Craig', u'Rooney Mara', u'Christopher Plummer']"
The 39 Steps,7.9,UNRATED,Mystery,86,"[u'Robert Donat', u'Madeleine Carroll', u'Lucie Mannheim']"
E.T. the Extra-Terrestrial,7.9,PG,Family,115,"[u'Henry Thomas', u'Drew Barrymore', u'Peter Coyote']"
Tombstone,7.8,R,Action,130,"[u'Kurt Russell', u'Val Kilmer', u'Sam Elliott']"
Predator,7.8,R,Action,107,"[u'Arnold Schwarzenegger', u'Carl Weathers', u'Kevin Peter Hall']"
Tangled,7.8,PG,Animation,100,"[u'Mandy Moore', u'Zachary Levi', u'Donna Murphy']"
Guess Who's Coming to Dinner,7.8,UNRATED,Comedy,108,"[u'Spencer Tracy', u'Sidney Poitier', u'Katharine Hepburn']"
Ordinary People,7.8,R,Drama,124,"[u'Donald Sutherland', u'Mary Tyler Moore', u'Judd Hirsch']"
The Best Offer,7.8,R,Crime,131,"[u'Geoffrey Rush', u'Jim Sturgess', u'Sylvia Hoeks']"
Silver Linings Playbook,7.8,R,Comedy,122,"[u'Bradley Cooper', u'Jennifer Lawrence', u'Robert De Niro']"
Hamlet,7.8,PG-13,Drama,242,"[u'Kenneth Branagh', u'Julie Christie', u'Derek Jacobi']"
Amour,7.8,PG-13,Drama,127,"[u'Jean-Louis Trintignant', u'Emmanuelle Riva', u'Isabelle Huppert']"
I Saw the Devil,7.8,NOT RATED,Crime,141,"[u'Byung-hun Lee', u'Min-sik Choi', u'In-seo Kim']"
The Motorcycle Diaries,7.8,R,Adventure,126,"[u'Gael Garc\xeda Bernal', u'Rodrigo De la Serna', u'M\xeda Maestro']"
Office Space,7.8,R,Comedy,89,"[u'Ron Livingston', u'Jennifer Aniston', u'David Herman']"
Evil,7.8,NOT RATED,Drama,113,"[u'Andreas Wilson', u'Henrik Lundstr\xf6m', u'Gustaf Skarsg\xe5rd']"
The Girl with the Dragon Tattoo,7.8,R,Crime,152,"[u'Michael Nyqvist', u'Noomi Rapace', u'Ewa Fr\xf6ling']"
Withnail & I,7.8,R,Comedy,107,"[u'Richard E. Grant', u'Paul McGann', u'Richard Griffiths']"
The Day the Earth Stood Still,7.8,APPROVED,Sci-Fi,92,"[u'Michael Rennie', u'Patricia Neal', u'Hugh Marlowe']"
Black Book,7.8,R,Drama,145,"[u'Carice van Houten', u'Sebastian Koch', u'Thom Hoffman']"
Evil Dead II,7.8,X,Comedy,84,"[u'Bruce Campbell', u'Sarah Berry', u'Dan Hicks']"
Kaze tachinu,7.8,PG-13,Animation,126,"[u'Hideaki Anno', u'Hidetoshi Nishijima', u'Miori Takimoto']"
Star Trek Into Darkness,7.8,PG-13,Action,132,"[u'Chris Pine', u'Zachary Quinto', u'Zoe Saldana']"
The Triplets of Belleville,7.8,PG-13,Animation,78,"[u'Mich\xe8le Caucheteux', u'Jean-Claude Donda', u'Michel Robin']"
Open Your Eyes,7.8,R,Drama,117,"[u'Eduardo Noriega', u'Pen\xe9lope Cruz', u'Chete Lera']"
The Magnificent Seven,7.8,NOT RATED,Action,128,"[u'Yul Brynner', u'Steve McQueen', u'Charles Bronson']"
Drive,7.8,R,Crime,100,"[u'Ryan Gosling', u'Carey Mulligan', u'Bryan Cranston']"
Mississippi Burning,7.8,R,Crime,128,"[u'Gene Hackman', u'Willem Dafoe', u'Frances McDormand']"
The Lego Movie,7.8,PG,Animation,100,"[u'Chris Pratt', u'Will Ferrell', u'Elizabeth Banks']"
The Day of the Jackal,7.8,PG,Crime,143,"[u'Edward Fox', u'Terence Alexander', u'Michel Auclair']"
Misery,7.8,R,Thriller,107,"[u'James Caan', u'Kathy Bates', u'Richard Farnsworth']"
Willy Wonka & the Chocolate Factory,7.8,G,Family,100,"[u'Gene Wilder', u'Jack Albertson', u'Peter Ostrum']"
Fantasia,7.8,G,Animation,125,"[u'Leopold Stokowski', u'Deems Taylor', u'Corey Burton']"
Gattaca,7.8,PG-13,Drama,106,"[u'Ethan Hawke', u'Uma Thurman', u'Jude Law']"
American Gangster,7.8,R,Biography,157,"[u'Denzel Washington', u'Russell Crowe', u'Chiwetel Ejiofor']"
Porco Rosso,7.8,PG,Animation,94,"[u'Sh\xfbichir\xf4 Moriyama', u'Tokiko Kat\xf4', u'Sanshi Katsura']"
The French Connection,7.8,R,Action,104,"[u'Gene Hackman', u'Roy Scheider', u'Fernando Rey']"
The Boy in the Striped Pajamas,7.8,PG-13,Drama,94,"[u'Asa Butterfield', u'David Thewlis', u'Rupert Friend']"
Empire of the Sun,7.8,PG,Drama,153,"[u'Christian Bale', u'John Malkovich', u'Miranda Richardson']"
About Time,7.8,R,Drama,123,"[u'Domhnall Gleeson', u'Rachel McAdams', u'Bill Nighy']"
Blue Velvet,7.8,R,Crime,120,"[u'Isabella Rossellini', u'Kyle MacLachlan', u'Dennis Hopper']"
In America,7.8,PG-13,Drama,105,"[u'Paddy Considine', u'Samantha Morton', u'Djimon Hounsou']"
The Curious Case of Benjamin Button,7.8,PG-13,Drama,166,"[u'Brad Pitt', u'Cate Blanchett', u'Tilda Swinton']"
The Last of the Mohicans,7.8,R,Action,112,"[u'Daniel Day-Lewis', u'Madeleine Stowe', u'Russell Means']"
Moonrise Kingdom,7.8,PG-13,Adventure,94,"[u'Jared Gilman', u'Kara Hayward', u'Bruce Willis']"
Rebel Without a Cause,7.8,PG-13,Drama,111,"[u'James Dean', u'Natalie Wood', u'Sal Mineo']"
Fantastic Mr. Fox,7.8,PG,Animation,87,"[u'George Clooney', u'Meryl Streep', u'Bill Murray']"
Invasion of the Body Snatchers,7.8,APPROVED,Horror,80,"[u'Kevin McCarthy', u'Dana Wynter', u'Larry Gates']"
October Sky,7.8,PG,Biography,108,"[u'Jake Gyllenhaal', u'Chris Cooper', u'Laura Dern']"
Dirty Harry,7.8,R,Action,102,"[u'Clint Eastwood', u'Andrew Robinson', u'Harry Guardino']"
Ghostbusters,7.8,PG,Comedy,105,"[u'Bill Murray', u'Dan Aykroyd', u'Sigourney Weaver']"
Captain America: The Winter Soldier,7.8,PG-13,Action,136,"[u'Chris Evans', u'Samuel L. Jackson', u'Scarlett Johansson']"
Wreck-It Ralph,7.8,PG,Animation,101,"[u'John C. Reilly', u'Jack McBrayer', u'Jane Lynch']"
The Hangover,7.8,R,Comedy,100,"[u'Zach Galifianakis', u'Bradley Cooper', u'Justin Bartha']"
Back to the Future Part II,7.8,PG,Adventure,108,"[u'Michael J. Fox', u'Christopher Lloyd', u'Lea Thompson']"
Belle de Jour,7.8,APPROVED,Drama,101,"[u'Catherine Deneuve', u'Jean Sorel', u'Michel Piccoli']"
"O Brother, Where Art Thou?",7.8,PG-13,Adventure,106,"[u'George Clooney', u'John Turturro', u'Tim Blake Nelson']"
Repulsion,7.8,UNRATED,Drama,105,"[u'Catherine Deneuve', u'Ian Hendry', u'John Fraser']"
Airplane!,7.8,PG,Comedy,88,"[u'Robert Hays', u'Julie Hagerty', u'Leslie Nielsen']"
Pride & Prejudice,7.8,PG,Drama,129,"[u'Keira Knightley', u'Matthew Macfadyen', u'Brenda Blethyn']"
Zulu,7.8,UNRATED,Drama,138,"[u'Stanley Baker', u'Jack Hawkins', u'Ulla Jacobsson']"
Night on Earth,7.8,R,Comedy,129,"[u'Winona Ryder', u'Gena Rowlands', u'Lisanne Falk']"
From Here to Eternity,7.8,NOT RATED,Drama,118,"[u'Burt Lancaster', u'Montgomery Clift', u'Deborah Kerr']"
Apocalypto,7.8,R,Action,139,"[u'Gerardo Taracena', u'Raoul Trujillo', u'Dalia Hern\xe1ndez']"
Atonement,7.8,R,Drama,123,"[u'Keira Knightley', u'James McAvoy', u'Brenda Blethyn']"
The Dirty Dozen,7.8,NOT RATED,Action,150,"[u'Lee Marvin', u'Ernest Borgnine', u'Charles Bronson']"
X-Men: First Class,7.8,PG-13,Action,132,"[u'James McAvoy', u'Michael Fassbender', u'Jennifer Lawrence']"
Run Lola Run,7.8,R,Action,80,"[u'Franka Potente', u'Moritz Bleibtreu', u'Herbert Knaup']"
The Longest Day,7.8,G,Action,178,"[u'John Wayne', u'Robert Ryan', u'Richard Burton']"
Zelig,7.8,PG,Comedy,79,"[u'Woody Allen', u'Mia Farrow', u'Patrick Horgan']"
The Last Emperor,7.8,PG-13,Biography,163,"[u'John Lone', u'Joan Chen', u""Peter O'Toole""]"
The Goonies,7.8,PG,Adventure,114,"[u'Sean Astin', u'Josh Brolin', u'Jeff Cohen']"
The White Ribbon,7.8,R,Drama,144,"[u'Christian Friedel', u'Ernst Jacobi', u'Leonie Benesch']"
The Fugitive,7.8,PG-13,Action,130,"[u'Harrison Ford', u'Tommy Lee Jones', u'Sela Ward']"
The Color Purple,7.8,PG-13,Drama,154,"[u'Danny Glover', u'Whoopi Goldberg', u'Oprah Winfrey']"
South Park: Bigger Longer & Uncut,7.8,R,Animation,81,"[u'Trey Parker', u'Matt Stone', u'Mary Kay Bergman']"
(500) Days of Summer,7.8,PG-13,Comedy,95,"[u'Zooey Deschanel', u'Joseph Gordon-Levitt', u'Geoffrey Arend']"
Lost in Translation,7.8,R,Drama,101,"[u'Bill Murray', u'Scarlett Johansson', u'Giovanni Ribisi']"
Argo,7.8,R,Drama,120,"[u'Ben Affleck', u'Bryan Cranston', u'John Goodman']"
Blazing Saddles,7.8,R,Comedy,93,"[u'Cleavon Little', u'Gene Wilder', u'Slim Pickens']"
Breakfast at Tiffany's,7.8,NOT RATED,Comedy,115,"[u'Audrey Hepburn', u'George Peppard', u'Patricia Neal']"
Finding Neverland,7.8,PG,Biography,106,"[u'Johnny Depp', u'Kate Winslet', u'Julie Christie']"
The Experiment,7.8,R,Drama,120,"[u'Moritz Bleibtreu', u'Christian Berkel', u'Oliver Stokowski']"
Lucky Number Slevin,7.8,R,Crime,110,"[u'Josh Hartnett', u'Ben Kingsley', u'Morgan Freeman']"
The Theory of Everything,7.8,PG-13,Biography,123,"[u'Eddie Redmayne', u'Felicity Jones', u'Tom Prior']"
Harry Potter and the Prisoner of Azkaban,7.8,PG,Adventure,142,"[u'Daniel Radcliffe', u'Emma Watson', u'Rupert Grint']"
Kung Fu Hustle,7.8,R,Action,99,"[u'Stephen Chow', u'Wah Yuen', u'Qiu Yuen']"
Being John Malkovich,7.8,R,Comedy,112,"[u'John Cusack', u'Cameron Diaz', u'Catherine Keener']"
The Social Network,7.8,PG-13,Biography,120,"[u'Jesse Eisenberg', u'Andrew Garfield', u'Justin Timberlake']"
3:10 to Yuma,7.8,R,Adventure,122,"[u'Russell Crowe', u'Christian Bale', u'Ben Foster']"
The Name of the Rose,7.8,R,Crime,130,"[u'Sean Connery', u'Christian Slater', u'Helmut Qualtinger']"
Mary Poppins,7.8,APPROVED,Comedy,139,"[u'Julie Andrews', u'Dick Van Dyke', u'David Tomlinson']"
The Game,7.8,R,Drama,129,"[u'Michael Douglas', u'Deborah Kara Unger', u'Sean Penn']"
Changeling,7.8,R,Drama,141,"[u'Angelina Jolie', u'Colm Feore', u'Amy Ryan']"
Donnie Brasco,7.8,R,Biography,127,"[u'Al Pacino', u'Johnny Depp', u'Michael Madsen']"
Serpico,7.8,R,Biography,130,"[u'Al Pacino', u'John Randolph', u'Jack Kehoe']"
What's Eating Gilbert Grape,7.8,PG-13,Drama,118,"[u'Johnny Depp', u'Leonardo DiCaprio', u'Juliette Lewis']"
Goldfinger,7.8,APPROVED,Action,110,"[u'Sean Connery', u'Gert Fr\xf6be', u'Honor Blackman']"
Nebraska,7.8,R,Adventure,115,"[u'Bruce Dern', u'Will Forte', u'June Squibb']"
The Sandlot,7.8,PG,Comedy,101,"[u'Tom Guiry', u'Mike Vitar', u'Patrick Renna']"
Boyz n the Hood,7.8,R,Crime,112,"[u'Cuba Gooding Jr.', u'Laurence Fishburne', u'Hudhail Al-Amir']"
The Bourne Supremacy,7.8,PG-13,Action,108,"[u'Matt Damon', u'Franka Potente', u'Joan Allen']"
Skyfall,7.8,PG-13,Action,143,"[u'Daniel Craig', u'Javier Bardem', u'Naomie Harris']"
Ray,7.8,PG-13,Biography,152,"[u'Jamie Foxx', u'Regina King', u'Kerry Washington']"
300,7.8,R,Action,117,"[u'Gerard Butler', u'Lena Headey', u'David Wenham']"
A Bronx Tale,7.8,R,Crime,121,"[u'Robert De Niro', u'Chazz Palminteri', u'Lillo Brancato']"
The Birds,7.8,PG-13,Horror,119,"[u'Rod Taylor', u'Tippi Hedren', u'Suzanne Pleshette']"
Battle Royale,7.8,NOT RATED,Action,114,"[u'Tatsuya Fujiwara', u'Aki Maeda', u'Tar\xf4 Yamamoto']"
Control,7.8,R,Biography,122,"[u'Sam Riley', u'Samantha Morton', u'Craig Parkinson']"
Kramer vs. Kramer,7.8,APPROVED,Drama,105,"[u'Dustin Hoffman', u'Meryl Streep', u'Jane Alexander']"
Deliverance,7.8,R,Adventure,110,"[u'Jon Voight', u'Burt Reynolds', u'Ned Beatty']"
Ocean's Eleven,7.8,PG-13,Crime,116,"[u'George Clooney', u'Brad Pitt', u'Julia Roberts']"
As Good as It Gets,7.8,PG-13,Comedy,139,"[u'Jack Nicholson', u'Helen Hunt', u'Greg Kinnear']"
Awakenings,7.8,PG-13,Biography,121,"[u'Robert De Niro', u'Robin Williams', u'Julie Kavner']"
The King of Comedy,7.8,PG,Comedy,109,"[u'Robert De Niro', u'Jerry Lewis', u'Diahnne Abbott']"
Man on Fire,7.8,R,Action,146,"[u'Denzel Washington', u'Christopher Walken', u'Dakota Fanning']"
Sabrina,7.8,UNRATED,Comedy,113,"[u'Humphrey Bogart', u'Audrey Hepburn', u'William Holden']"
Dark City,7.8,R,Mystery,100,"[u'Rufus Sewell', u'Kiefer Sutherland', u'Jennifer Connelly']"
Good Bye Lenin!,7.8,R,Comedy,121,"[u'Daniel Br\xfchl', u'Katrin Sa\xdf', u'Chulpan Khamatova']"
Remember the Titans,7.7,PG,Biography,113,"[u'Denzel Washington', u'Will Patton', u'Wood Harris']"
Star Trek II: The Wrath of Khan,7.7,PG,Action,113,"[u'William Shatner', u'Leonard Nimoy', u'DeForest Kelley']"
Road to Perdition,7.7,R,Crime,117,"[u'Tom Hanks', u'Tyler Hoechlin', u'Rob Maxey']"
Rushmore,7.7,R,Comedy,93,"[u'Jason Schwartzman', u'Bill Murray', u'Olivia Williams']"
The Machinist,7.7,R,Drama,101,"[u'Christian Bale', u'Jennifer Jason Leigh', u'Aitana S\xe1nchez-Gij\xf3n']"
Flipped,7.7,PG,Comedy,90,"[u'Madeline Carroll', u'Callan McAuliffe', u'Rebecca De Mornay']"
The Count of Monte Cristo,7.7,PG-13,Action,131,"[u'Jim Caviezel', u'Guy Pearce', u'Richard Harris']"
Detachment,7.7,NOT RATED,Drama,98,"[u'Adrien Brody', u'Christina Hendricks', u'Marcia Gay Harden']"
Love Me If You Dare,7.7,R,Comedy,93,"[u'Guillaume Canet', u'Marion Cotillard', u'Thibault Verhaeghe']"
Dead Man,7.7,R,Drama,121,"[u'Johnny Depp', u'Gary Farmer', u'Crispin Glover']"
The Purple Rose of Cairo,7.7,PG,Comedy,82,"[u'Mia Farrow', u'Jeff Daniels', u'Danny Aiello']"
21 Grams,7.7,R,Crime,124,"[u'Sean Penn', u'Benicio Del Toro', u'Naomi Watts']"
50/50,7.7,R,Comedy,100,"[u'Joseph Gordon-Levitt', u'Seth Rogen', u'Anna Kendrick']"
Kick-Ass,7.7,R,Action,117,"[u'Aaron Taylor-Johnson', u'Nicolas Cage', u'Chlo\xeb Grace Moretz']"
Delicatessen,7.7,R,Comedy,99,"[u'Marie-Laure Dougnac', u'Dominique Pinon', u'Pascal Benezech']"
Barton Fink,7.7,R,Drama,116,"[u'John Turturro', u'John Goodman', u'Judy Davis']"
The Last King of Scotland,7.7,R,Biography,123,"[u'James McAvoy', u'Forest Whitaker', u'Gillian Anderson']"
Adaptation.,7.7,R,Comedy,114,"[u'Nicolas Cage', u'Meryl Streep', u'Chris Cooper']"
A Very Long Engagement,7.7,R,Drama,133,"[u'Audrey Tautou', u'Gaspard Ulliel', u'Jodie Foster']"
Mysterious Skin,7.7,NC-17,Drama,105,"[u'Brady Corbet', u'Joseph Gordon-Levitt', u'Elisabeth Shue']"
Stardust,7.7,PG-13,Adventure,127,"[u'Charlie Cox', u'Claire Danes', u'Sienna Miller']"
Black Hawk Down,7.7,R,Drama,144,"[u'Josh Hartnett', u'Ewan McGregor', u'Tom Sizemore']"
Paprika,7.7,R,Animation,90,"[u'Megumi Hayashibara', u'T\xf4ru Emori', u'Katsunosuke Hori']"
Fear and Loathing in Las Vegas,7.7,R,Comedy,118,"[u'Johnny Depp', u'Benicio Del Toro', u'Tobey Maguire']"
Frost/Nixon,7.7,R,Drama,122,"[u'Frank Langella', u'Michael Sheen', u'Kevin Bacon']"
Enter the Dragon,7.7,R,Action,102,"[u'Bruce Lee', u'John Saxon', u'Jim Kelly']"
Short Cuts,7.7,R,Comedy,187,"[u'Andie MacDowell', u'Julianne Moore', u'Tim Robbins']"
A Hard Day's Night,7.7,APPROVED,Comedy,87,"[u'John Lennon', u'Paul McCartney', u'George Harrison']"
The Last Samurai,7.7,R,Action,154,"[u'Tom Cruise', u'Ken Watanabe', u'Billy Connolly']"
The Station Agent,7.7,R,Comedy,89,"[u'Peter Dinklage', u'Patricia Clarkson', u'Bobby Cannavale']"
Zombieland,7.7,R,Comedy,88,"[u'Jesse Eisenberg', u'Emma Stone', u'Woody Harrelson']"
Sympathy for Mr. Vengeance,7.7,R,Crime,129,"[u'Kang-ho Song', u'Ha-kyun Shin', u'Doona Bae']"
Despicable Me,7.7,PG,Animation,95,"[u'Steve Carell', u'Jason Segel', u'Russell Brand']"
Shane,7.7,APPROVED,Drama,118,"[u'Alan Ladd', u'Jean Arthur', u'Van Heflin']"
Forbidden Planet,7.7,PASSED,Action,98,"[u'Walter Pidgeon', u'Anne Francis', u'Leslie Nielsen']"
Titanic,7.7,PG-13,Drama,194,"[u'Leonardo DiCaprio', u'Kate Winslet', u'Billy Zane']"
Gone Baby Gone,7.7,R,Crime,114,"[u'Morgan Freeman', u'Ed Harris', u'Casey Affleck']"
The Dinner Game,7.7,PG-13,Comedy,80,"[u'Thierry Lhermitte', u'Jacques Villeret', u'Francis Huster']"
Dawn of the Planet of the Apes,7.7,PG-13,Action,130,"[u'Gary Oldman', u'Keri Russell', u'Andy Serkis']"
25th Hour,7.7,R,Crime,135,"[u'Edward Norton', u'Barry Pepper', u'Philip Seymour Hoffman']"
Ponyo,7.7,G,Animation,101,"[u'Cate Blanchett', u'Matt Damon', u'Liam Neeson']"
Shine,7.7,PG-13,Biography,105,"[u'Geoffrey Rush', u'Armin Mueller-Stahl', u'Justin Braine']"
The Blind Side,7.7,PG-13,Biography,129,"[u'Quinton Aaron', u'Sandra Bullock', u'Tim McGraw']"
Brokeback Mountain,7.7,R,Drama,134,"[u'Jake Gyllenhaal', u'Heath Ledger', u'Michelle Williams']"
Cast Away,7.7,PG-13,Adventure,143,"[u'Tom Hanks', u'Helen Hunt', u'Paul Sanchez']"
Malcolm X,7.7,PG-13,Biography,202,"[u'Denzel Washington', u'Angela Bassett', u'Delroy Lindo']"
Show Me Love,7.7,UNRATED,Comedy,89,"[u'Alexandra Dahlstr\xf6m', u'Rebecka Liljeberg', u'Erica Carlson']"
Boy A,7.7,R,Drama,106,"[u'Andrew Garfield', u'Peter Mullan', u'Shaun Evans']"
The Warriors,7.7,R,Action,92,"[u'Michael Beck', u'James Remar', u'Dorsey Wright']"
Close Encounters of the Third Kind,7.7,PG,Drama,137,"[u'Richard Dreyfuss', u'Fran\xe7ois Truffaut', u'Teri Garr']"
Match Point,7.7,R,Drama,124,"[u'Scarlett Johansson', u'Jonathan Rhys Meyers', u'Emily Mortimer']"
Training Day,7.7,R,Crime,122,"[u'Denzel Washington', u'Ethan Hawke', u'Scott Glenn']"
The Butterfly Effect,7.7,R,Sci-Fi,113,"[u'Ashton Kutcher', u'Amy Smart', u'Melora Walters']"
The City of Lost Children,7.7,R,Fantasy,112,"[u'Ron Perlman', u'Daniel Emilfork', u'Judith Vittet']"
Billy Elliot,7.7,PG-13,Comedy,110,"[u'Jamie Bell', u'Julie Walters', u'Jean Heywood']"
Love Actually,7.7,R,Comedy,135,"[u'Hugh Grant', u'Martine McCutcheon', u'Liam Neeson']"
The Producers,7.7,PG,Comedy,88,"[u'Zero Mostel', u'Gene Wilder', u'Dick Shawn']"
Harry Potter and the Deathly Hallows: Part 1,7.7,PG-13,Adventure,146,"[u'Daniel Radcliffe', u'Emma Watson', u'Rupert Grint']"
The Visitor,7.7,PG-13,Drama,104,"[u'Richard Jenkins', u'Haaz Sleiman', u'Danai Gurira']"
Philadelphia,7.7,PG-13,Drama,125,"[u'Tom Hanks', u'Denzel Washington', u'Roberta Maxwell']"
Sense and Sensibility,7.7,PG,Drama,131,"[u'Emma Thompson', u'Kate Winslet', u'James Fleet']"
Three Colors: White,7.7,R,Comedy,91,"[u'Zbigniew Zamachowski', u'Julie Delpy', u'Janusz Gajos']"
La grande bellezza,7.7,NOT RATED,Drama,142,"[u'Toni Servillo', u'Carlo Verdone', u'Sabrina Ferilli']"
Primal Fear,7.7,R,Crime,129,"[u'Richard Gere', u'Laura Linney', u'Edward Norton']"
Where Eagles Dare,7.7,,Action,158,"[u'Richard Burton', u'Clint Eastwood', u'Mary Ure']"
Dazed and Confused,7.7,R,Comedy,102,"[u'Jason London', u'Wiley Wiggins', u'Matthew McConaughey']"
Blood Simple.,7.7,R,Crime,99,"[u'John Getz', u'Frances McDormand', u'Dan Hedaya']"
This Is England,7.7,UNRATED,Crime,101,"[u'Thomas Turgoose', u'Stephen Graham', u'Jo Hartley']"
Fearless,7.7,PG-13,Action,104,"[u'Jet Li', u'Li Sun', u'Yong Dong']"
Dangerous Liaisons,7.7,R,Drama,119,"[u'Glenn Close', u'John Malkovich', u'Michelle Pfeiffer']"
Saw,7.7,R,Horror,103,"[u'Cary Elwes', u'Leigh Whannell', u'Danny Glover']"
Snow White and the Seven Dwarfs,7.7,APPROVED,Animation,88,"[u'Adriana Caselotti', u'Harry Stockwell', u'Lucille La Verne']"
Coraline,7.7,PG,Animation,100,"[u'Dakota Fanning', u'Teri Hatcher', u'John Hodgman']"
The Hunger Games: Catching Fire,7.7,PG-13,Adventure,146,"[u'Jennifer Lawrence', u'Josh Hutcherson', u'Liam Hemsworth']"
Sophie's Choice,7.7,R,Drama,150,"[u'Meryl Streep', u'Kevin Kline', u'Peter MacNicol']"
La Vie en Rose,7.7,PG-13,Biography,140,"[u'Marion Cotillard', u'Sylvie Testud', u'Pascal Greggory']"
Star Wars: Episode III - Revenge of the Sith,7.7,PG-13,Action,140,"[u'Hayden Christensen', u'Natalie Portman', u'Ewan McGregor']"
True Grit,7.7,PG-13,Adventure,110,"[u'Jeff Bridges', u'Matt Damon', u'Hailee Steinfeld']"
After Hours,7.7,R,Comedy,97,"[u'Griffin Dunne', u'Rosanna Arquette', u'Verna Bloom']"
Frozen,7.7,PG,Animation,102,"[u'Kristen Bell', u'Idina Menzel', u'Jonathan Groff']"
Lolita,7.7,NOT RATED,Drama,152,"[u'James Mason', u'Shelley Winters', u'Sue Lyon']"
Eastern Promises,7.7,R,Crime,100,"[u'Naomi Watts', u'Viggo Mortensen', u'Armin Mueller-Stahl']"
Midnight in Paris,7.7,PG-13,Comedy,94,"[u'Owen Wilson', u'Rachel McAdams', u'Kathy Bates']"
The Muppet Christmas Carol,7.7,G,Comedy,85,"[u'Michael Caine', u'Dave Goelz', u'Steve Whitmire']"
Who Framed Roger Rabbit,7.7,PG,Animation,104,"[u'Bob Hoskins', u'Christopher Lloyd', u'Joanna Cassidy']"
Sympathy for Lady Vengeance,7.7,R,Crime,112,"[u'Yeong-ae Lee', u'Min-sik Choi', u'Shi-hoo Kim']"
Grindhouse,7.7,R,Action,191,"[u'Kurt Russell', u'Rose McGowan', u'Danny Trejo']"
In a Better World,7.7,R,Drama,119,"[u'Mikael Persbrandt', u'Trine Dyrholm', u'Markus Rygaard']"
Blow-Up,7.7,NOT RATED,Drama,111,"[u'David Hemmings', u'Vanessa Redgrave', u'Sarah Miles']"
The Secret World of Arrietty,7.7,G,Animation,94,"[u'Bridgit Mendler', u'Amy Poehler', u'Will Arnett']"
Kiss Kiss Bang Bang,7.7,R,Action,103,"[u'Robert Downey Jr.', u'Val Kilmer', u'Michelle Monaghan']"
Lost Highway,7.7,R,Drama,134,"[u'Bill Pullman', u'Patricia Arquette', u'John Roselius']"
Zodiac,7.7,R,Crime,157,"[u'Jake Gyllenhaal', u'Robert Downey Jr.', u'Mark Ruffalo']"
Les Miserables,7.7,PG-13,Drama,158,"[u'Hugh Jackman', u'Russell Crowe', u'Anne Hathaway']"
Moulin Rouge!,7.7,PG-13,Drama,127,"[u'Nicole Kidman', u'Ewan McGregor', u'John Leguizamo']"
Whale Rider,7.7,PG-13,Drama,101,"[u'Keisha Castle-Hughes', u'Rawiri Paratene', u'Vicky Haughton']"
End of Watch,7.7,R,Crime,109,"[u'Jake Gyllenhaal', u'Michael Pe\xf1a', u'Anna Kendrick']"
Philomena,7.7,PG-13,Biography,98,"[u'Judi Dench', u'Steve Coogan', u'Sophie Kennedy Clark']"
Fury,7.7,R,Action,134,"[u'Brad Pitt', u'Shia LaBeouf', u'Logan Lerman']"
The Big Blue,7.7,PG-13,Action,168,"[u'Jean-Marc Barr', u'Jean Reno', u'Rosanna Arquette']"
First Blood,7.7,R,Action,93,"[u'Sylvester Stallone', u'Brian Dennehy', u'Richard Crenna']"
Minority Report,7.7,PG-13,Action,145,"[u'Tom Cruise', u'Colin Farrell', u'Samantha Morton']"
Spellbound,7.7,UNRATED,Film-Noir,111,"[u'Ingrid Bergman', u'Gregory Peck', u'Michael Chekhov']"
The Wicker Man,7.7,R,Horror,88,"[u'Edward Woodward', u'Christopher Lee', u'Diane Cilento']"
Seven Pounds,7.7,PG-13,Drama,123,"[u'Will Smith', u'Rosario Dawson', u'Woody Harrelson']"
Midnight Express,7.7,R,Biography,121,"[u'Brad Davis', u'Irene Miracle', u'Bo Hopkins']"
Kelly's Heroes,7.7,GP,Action,144,"[u'Clint Eastwood', u'Telly Savalas', u'Don Rickles']"
MASH,7.7,R,Comedy,116,"[u'Donald Sutherland', u'Elliott Gould', u'Tom Skerritt']"
The Player,7.7,R,Comedy,124,"[u'Tim Robbins', u'Greta Scacchi', u'Fred Ward']"
Traffic,7.7,R,Crime,147,"[u'Michael Douglas', u'Benicio Del Toro', u'Catherine Zeta-Jones']"
Y Tu Mama Tambien,7.7,R,Drama,106,"[u'Maribel Verd\xfa', u'Gael Garc\xeda Bernal', u'Daniel Gim\xe9nez Cacho']"
Stranger Than Fiction,7.7,PG-13,Comedy,113,"[u'Will Ferrell', u'Emma Thompson', u'Dustin Hoffman']"
Inside Man,7.7,R,Crime,129,"[u'Denzel Washington', u'Clive Owen', u'Jodie Foster']"
127 Hours,7.6,R,Adventure,94,"[u'James Franco', u'Amber Tamblyn', u'Kate Mara']"
The Fifth Element,7.6,PG-13,Action,126,"[u'Bruce Willis', u'Milla Jovovich', u'Gary Oldman']"
Milk,7.6,R,Biography,128,"[u'Sean Penn', u'Josh Brolin', u'Emile Hirsch']"
United 93,7.6,R,Action,111,"[u'David Alan Basche', u'Olivia Thirlby', u'Liza Col\xf3n-Zayas']"
Jin ling shi san chai,7.6,R,Drama,146,"[u'Christian Bale', u'Ni Ni', u'Xinyi Zhang']"
Dracula,7.6,APPROVED,Horror,85,"[u'Bela Lugosi', u'Helen Chandler', u'David Manners']"
High Plains Drifter,7.6,R,Western,105,"[u'Clint Eastwood', u'Verna Bloom', u'Marianna Hill']"
I Am Sam,7.6,PG-13,Drama,132,"[u'Sean Penn', u'Michelle Pfeiffer', u'Dakota Fanning']"
Fried Green Tomatoes,7.6,PG-13,Drama,130,"[u'Kathy Bates', u'Jessica Tandy', u'Mary Stuart Masterson']"
Watchmen,7.6,R,Action,162,"[u'Jackie Earle Haley', u'Patrick Wilson', u'Carla Gugino']"
28 Days Later...,7.6,R,Horror,113,"[u'Cillian Murphy', u'Naomie Harris', u'Christopher Eccleston']"
The Illusionist,7.6,PG-13,Drama,110,"[u'Edward Norton', u'Jessica Biel', u'Paul Giamatti']"
Superbad,7.6,R,Comedy,113,"[u'Michael Cera', u'Jonah Hill', u'Christopher Mintz-Plasse']"
The Godfather: Part III,7.6,R,Crime,162,"[u'Al Pacino', u'Diane Keaton', u'Andy Garcia']"
The Royal Tenenbaums,7.6,R,Comedy,110,"[u'Gene Hackman', u'Gwyneth Paltrow', u'Anjelica Huston']"
The Jungle Book,7.6,APPROVED,Animation,78,"[u'Phil Harris', u'Sebastian Cabot', u'Louis Prima']"
Thank You for Smoking,7.6,R,Comedy,92,"[u'Aaron Eckhart', u'Cameron Bright', u'Maria Bello']"
Man Bites Dog,7.6,NC-17,Comedy,95,"[u'Beno\xeet Poelvoorde', u'Jacqueline Poelvoorde-Pappaert', u'Nelly Pappaert']"
A Few Good Men,7.6,R,Drama,138,"[u'Tom Cruise', u'Jack Nicholson', u'Demi Moore']"
The Legend of Drunken Master,7.6,R,Action,102,"[u'Jackie Chan', u'Ho-Sung Pak', u'Lung Ti']"
The Kite Runner,7.6,PG-13,Drama,128,"[u'Khalid Abdalla', u'Ahmad Khan Mahmoodzada', u'Atossa Leoni']"
When Harry Met Sally...,7.6,R,Comedy,96,"[u'Billy Crystal', u'Meg Ryan', u'Carrie Fisher']"
Munich,7.6,R,Drama,164,"[u'Eric Bana', u'Daniel Craig', u'Marie-Jos\xe9e Croze']"
House of Sand and Fog,7.6,R,Drama,126,"[u'Jennifer Connelly', u'Ben Kingsley', u'Ron Eldard']"
Lethal Weapon,7.6,R,Action,110,"[u'Mel Gibson', u'Danny Glover', u'Gary Busey']"
Animal House,7.6,R,Comedy,109,"[u'John Belushi', u'Karen Allen', u'Tom Hulce']"
Lord of War,7.6,R,Crime,122,"[u'Nicolas Cage', u'Ethan Hawke', u'Jared Leto']"
Blow,7.6,R,Biography,124,"[u'Johnny Depp', u'Pen\xe9lope Cruz', u'Franka Potente']"
Sherlock Holmes,7.6,PG-13,Action,128,"[u'Robert Downey Jr.', u'Jude Law', u'Rachel McAdams']"
Harry Potter and the Goblet of Fire,7.6,PG-13,Adventure,157,"[u'Daniel Radcliffe', u'Emma Watson', u'Rupert Grint']"
La piel que habito,7.6,R,Thriller,120,"[u'Antonio Banderas', u'Elena Anaya', u'Jan Cornet']"
The Crow,7.6,R,Action,102,"[u'Brandon Lee', u'Michael Wincott', u'Rochelle Davis']"
West Side Story,7.6,UNRATED,Crime,152,"[u'Natalie Wood', u'George Chakiris', u'Richard Beymer']"
The Thin Red Line,7.6,R,Drama,170,"[u'Jim Caviezel', u'Sean Penn', u'Nick Nolte']"
American Psycho,7.6,R,Crime,102,"[u'Christian Bale', u'Justin Theroux', u'Josh Lucas']"
The Blind Swordsman: Zatoichi,7.6,R,Action,116,"[u'Takeshi Kitano', u'Tadanobu Asano', u'Yui Natsukawa']"
The Last Temptation of Christ,7.6,R,Drama,164,"[u'Willem Dafoe', u'Harvey Keitel', u'Barbara Hershey']"
The Naked Gun: From the Files of Police Squad!,7.6,PG-13,Comedy,85,"[u'Leslie Nielsen', u'Priscilla Presley', u'O.J. Simpson']"
The Others,7.6,PG-13,Horror,104,"[u'Nicole Kidman', u'Christopher Eccleston', u'Fionnula Flanagan']"
The Party,7.6,PG,Comedy,99,"[u'Peter Sellers', u'Claudine Longet', u'Natalia Borisova']"
Army of Darkness,7.6,R,Comedy,81,"[u'Bruce Campbell', u'Embeth Davidtz', u'Marcus Gilbert']"
The Hurt Locker,7.6,R,Drama,131,"[u'Jeremy Renner', u'Anthony Mackie', u'Brian Geraghty']"
The Raid: Redemption,7.6,R,Action,101,"[u'Iko Uwais', u'Ananda George', u'Ray Sahetapy']"
Volver,7.6,R,Comedy,121,"[u'Pen\xe9lope Cruz', u'Carmen Maura', u'Lola Due\xf1as']"
Following,7.6,R,Mystery,69,"[u'Jeremy Theobald', u'Alex Haw', u'Lucy Russell']"
Kung Fu Panda,7.6,PG,Animation,92,"[u'Jack Black', u'Ian McShane', u'Angelina Jolie']"
Mad Max 2: The Road Warrior,7.6,R,Action,94,"[u'Mel Gibson', u'Bruce Spence', u'Michael Preston']"
Jusan-nin no shikaku,7.6,R,Action,141,"[u'K\xf4ji Yakusho', u'Takayuki Yamada', u'Y\xfbsuke Iseya']"
The Man Who Wasn't There,7.6,R,Crime,116,"[u'Billy Bob Thornton', u'Frances McDormand', u'Michael Badalucco']"
The Counterfeiters,7.6,R,Crime,98,"[u'Karl Markovics', u'August Diehl', u'Devid Striesow']"
The Hunt for Red October,7.6,PG,Action,135,"[u'Sean Connery', u'Alec Baldwin', u'Scott Glenn']"
Lone Survivor,7.6,R,Action,121,"[u'Mark Wahlberg', u'Taylor Kitsch', u'Emile Hirsch']"
A Fish Called Wanda,7.6,R,Comedy,108,"[u'John Cleese', u'Jamie Lee Curtis', u'Kevin Kline']"
The Impossible,7.6,PG-13,Drama,114,"[u'Naomi Watts', u'Ewan McGregor', u'Tom Holland']"
Garden State,7.6,R,Comedy,102,"[u'Zach Braff', u'Peter Sarsgaard', u'Natalie Portman']"
Escape from Alcatraz,7.6,PG,Action,112,"[u'Clint Eastwood', u'Patrick McGoohan', u'Roberts Blossom']"
Apollo 13,7.6,PG,Adventure,140,"[u'Tom Hanks', u'Bill Paxton', u'Kevin Bacon']"
"Lust, Caution",7.6,NC-17,Drama,157,"[u'Tony Chiu Wai Leung', u'Wei Tang', u'Joan Chen']"
Selma,7.6,PG-13,Biography,128,"[u'David Oyelowo', u'Carmen Ejogo', u'Tim Roth']"
Funny Games,7.6,UNRATED,Crime,108,"[u'Susanne Lothar', u'Ulrich M\xfche', u'Arno Frisch']"
The Abyss,7.6,PG-13,Adventure,139,"[u'Ed Harris', u'Mary Elizabeth Mastrantonio', u'Michael Biehn']"
Robin Hood,7.6,G,Animation,83,"[u'Brian Bedford', u'Phil Harris', u'Roger Miller']"
Enemy at the Gates,7.6,R,Drama,131,"[u'Jude Law', u'Ed Harris', u'Joseph Fiennes']"
Falling Down,7.6,R,Crime,113,"[u'Michael Douglas', u'Robert Duvall', u'Barbara Hershey']"
Little Children,7.6,R,Drama,136,"[u'Kate Winslet', u'Jennifer Connelly', u'Patrick Wilson']"
Hunger,7.6,NOT RATED,Biography,96,"[u'Stuart Graham', u'Laine Megaw', u'Brian Milligan']"
Indiana Jones and the Temple of Doom,7.6,PG,Action,118,"[u'Harrison Ford', u'Kate Capshaw', u'Jonathan Ke Quan']"
Ip Man 2,7.6,R,Action,108,"[u'Donnie Yen', u'Xiaoming Huang', u'Sammo Kam-Bo Hung']"
The Little Mermaid,7.6,G,Animation,83,"[u'Jodi Benson', u'Samuel E. Wright', u'Rene Auberjonois']"
"It's a Mad, Mad, Mad, Mad World",7.6,APPROVED,Action,205,"[u'Spencer Tracy', u'Milton Berle', u'Ethel Merman']"
The Reader,7.6,R,Drama,124,"[u'Kate Winslet', u'Ralph Fiennes', u'Bruno Ganz']"
The Omen,7.6,R,Horror,111,"[u'Gregory Peck', u'Lee Remick', u'Harvey Stephens']"
A Royal Affair,7.6,R,Drama,137,"[u'Alicia Vikander', u'Mads Mikkelsen', u'Mikkel Boe F\xf8lsgaard']"
Braindead,7.6,R,Comedy,104,"[u'Timothy Balme', u'Diana Pe\xf1alver', u'Elizabeth Moody']"
Secondhand Lions,7.6,PG,Comedy,109,"[u'Haley Joel Osment', u'Michael Caine', u'Robert Duvall']"
Disconnect,7.6,R,Drama,115,"[u'Jason Bateman', u'Jonah Bobo', u'Haley Ramm']"
A Single Man,7.6,R,Drama,99,"[u'Colin Firth', u'Julianne Moore', u'Matthew Goode']"
Hoosiers,7.6,PG,Drama,114,"[u'Gene Hackman', u'Barbara Hershey', u'Dennis Hopper']"
Moneyball,7.6,PG-13,Biography,133,"[u'Brad Pitt', u'Robin Wright', u'Jonah Hill']"
The Book Thief,7.6,PG-13,Drama,131,"[u'Sophie N\xe9lisse', u'Geoffrey Rush', u'Emily Watson']"
Die Hard: With a Vengeance,7.6,R,Action,131,"[u'Bruce Willis', u'Jeremy Irons', u'Samuel L. Jackson']"
Interview with the Vampire: The Vampire Chronicles,7.6,R,Horror,123,"[u'Brad Pitt', u'Tom Cruise', u'Antonio Banderas']"
Midnight Run,7.6,R,Action,126,"[u'Robert De Niro', u'Charles Grodin', u'Yaphet Kotto']"
An American Werewolf in London,7.6,R,Comedy,97,"[u'David Naughton', u'Jenny Agutter', u'Joe Belcher']"
The Great Debaters,7.6,PG-13,Biography,126,"[u'Denzel Washington', u'Forest Whitaker', u'Kimberly Elise']"
Tucker and Dale vs. Evil,7.6,R,Comedy,89,"[u'Tyler Labine', u'Alan Tudyk', u'Katrina Bowden']"
Dead Man Walking,7.6,R,Crime,122,"[u'Susan Sarandon', u'Sean Penn', u'Robert Prosky']"
The Piano,7.6,R,Drama,121,"[u'Holly Hunter', u'Harvey Keitel', u'Sam Neill']"
The Town,7.6,R,Crime,125,"[u'Ben Affleck', u'Rebecca Hall', u'Jon Hamm']"
Rise of the Planet of the Apes,7.6,PG-13,Action,105,"[u'James Franco', u'Andy Serkis', u'Freida Pinto']"
Boys Don't Cry,7.6,R,Biography,118,"[u'Hilary Swank', u'Chlo\xeb Sevigny', u'Peter Sarsgaard']"
Ice Age,7.6,PG,Animation,81,"[u'Denis Leary', u'John Leguizamo', u'Ray Romano']"
Of Mice and Men,7.6,PG-13,Drama,115,"[u'John Malkovich', u'Gary Sinise', u'Ray Walston']"
Sideways,7.6,R,Comedy,126,"[u'Paul Giamatti', u'Thomas Haden Church', u'Virginia Madsen']"
High Fidelity,7.6,R,Comedy,113,"[u'John Cusack', u'Iben Hjejle', u'Todd Louiso']"
The Meaning of Life,7.6,R,Comedy,107,"[u'John Cleese', u'Terry Gilliam', u'Eric Idle']"
Hugo,7.6,PG,Adventure,126,"[u'Asa Butterfield', u'Chlo\xeb Grace Moretz', u'Christopher Lee']"
Leaving Las Vegas,7.6,R,Drama,111,"[u'Nicolas Cage', u'Elisabeth Shue', u'Julian Sands']"
The Evil Dead,7.6,NC-17,Horror,85,"[u'Bruce Campbell', u'Ellen Sandweiss', u'Richard DeManincor']"
Collateral,7.6,R,Crime,120,"[u'Tom Cruise', u'Jamie Foxx', u'Jada Pinkett Smith']"
"Planes, Trains & Automobiles",7.6,R,Comedy,93,"[u'Steve Martin', u'John Candy', u'Laila Robins']"
Hodejegerne,7.6,R,Crime,100,"[u'Aksel Hennie', u'Synn\xf8ve Macody Lund', u'Nikolaj Coster-Waldau']"
Field of Dreams,7.6,PG,Drama,107,"[u'Kevin Costner', u'James Earl Jones', u'Ray Liotta']"
Batman,7.6,PG-13,Action,126,"[u'Michael Keaton', u'Jack Nicholson', u'Kim Basinger']"
Tell No One,7.6,UNRATED,Crime,131,"[u'Fran\xe7ois Cluzet', u'Marie-Jos\xe9e Croze', u'Andr\xe9 Dussollier']"
Ghost Dog: The Way of the Samurai,7.6,R,Action,116,"[u'Forest Whitaker', u'Henry Silva', u'John Tormey']"
Chaplin,7.6,PG-13,Biography,143,"[u'Robert Downey Jr.', u'Geraldine Chaplin', u'Paul Rhys']"
Keith,7.6,PG-13,Drama,93,"[u'Elisabeth Harnois', u'Jesse McCartney', u'Margo Harshman']"
Juno,7.6,PG-13,Comedy,96,"[u'Ellen Page', u'Michael Cera', u'Jennifer Garner']"
The Assassination of Jesse James by the Coward Robert Ford,7.6,R,Biography,160,"[u'Brad Pitt', u'Casey Affleck', u'Sam Shepard']"
The Fisher King,7.6,R,Comedy,137,"[u'Jeff Bridges', u'Robin Williams', u'Adam Bryant']"
House of Flying Daggers,7.6,PG-13,Action,119,"[u'Ziyi Zhang', u'Takeshi Kaneshiro', u'Andy Lau']"
The Hours,7.6,PG-13,Drama,114,"[u'Meryl Streep', u'Nicole Kidman', u'Julianne Moore']"
The Damned United,7.6,R,Biography,98,"[u'Colm Meaney', u'Henry Goodman', u'David Roper']"
Star Trek: First Contact,7.6,PG-13,Action,111,"[u'Patrick Stewart', u'Jonathan Frakes', u'Brent Spiner']"
The Natural,7.6,PG,Drama,138,"[u'Robert Redford', u'Robert Duvall', u'Glenn Close']"
The Hobbit: The Battle of the Five Armies,7.6,PG-13,Adventure,144,"[u'Ian McKellen', u'Martin Freeman', u'Richard Armitage']"
Equilibrium,7.6,R,Action,107,"[u'Christian Bale', u'Sean Bean', u'Emily Watson']"
August Rush,7.6,PG,Drama,114,"[u'Freddie Highmore', u'Keri Russell', u'Jonathan Rhys Meyers']"
Saving Mr. Banks,7.6,PG-13,Biography,125,"[u'Emma Thompson', u'Tom Hanks', u'Annie Rose Buckley']"
The Hurricane,7.6,R,Biography,146,"[u'Denzel Washington', u'Vicellous Reon Shannon', u'Deborah Kara Unger']"
Jacob's Ladder,7.6,R,Drama,113,"[u'Tim Robbins', u'Elizabeth Pe\xf1a', u'Danny Aiello']"
The Curse of the Were-Rabbit,7.6,G,Animation,85,"[u'Peter Sallis', u'Helena Bonham Carter', u'Ralph Fiennes']"
Christmas Vacation,7.6,PG-13,Comedy,97,"[u'Chevy Chase', u""Beverly D'Angelo"", u'Juliette Lewis']"
"Good Night, and Good Luck.",7.5,PG,Drama,93,"[u'David Strathairn', u'George Clooney', u'Patricia Clarkson']"
Straw Dogs,7.5,UNRATED,Crime,113,"[u'Dustin Hoffman', u'Susan George', u'Peter Vaughan']"
42,7.5,PG-13,Biography,128,"[u'Chadwick Boseman', u'T.R. Knight', u'Harrison Ford']"
Rudy,7.5,PG,Biography,114,"[u'Sean Astin', u'Jon Favreau', u'Ned Beatty']"
Sleepers,7.5,R,Crime,147,"[u'Robert De Niro', u'Kevin Bacon', u'Brad Pitt']"
The Wind That Shakes the Barley,7.5,NOT RATED,Drama,127,"[u'Cillian Murphy', u'Padraic Delaney', u'Liam Cunningham']"
Gangs of New York,7.5,R,Crime,167,"[u'Leonardo DiCaprio', u'Cameron Diaz', u'Daniel Day-Lewis']"
Elizabeth,7.5,R,Biography,124,"[u'Cate Blanchett', u'Geoffrey Rush', u'Christopher Eccleston']"
Green Street Hooligans,7.5,R,Crime,109,"[u'Elijah Wood', u'Charlie Hunnam', u'Claire Forlani']"
Reign Over Me,7.5,R,Drama,124,"[u'Adam Sandler', u'Don Cheadle', u'Jada Pinkett Smith']"
RoboCop,7.5,R,Action,102,"[u'Peter Weller', u'Nancy Allen', u""Dan O'Herlihy""]"
The Life of David Gale,7.5,R,Crime,130,"[u'Kevin Spacey', u'Kate Winslet', u'Laura Linney']"
Life as a House,7.5,R,Drama,125,"[u'Hayden Christensen', u'Kevin Kline', u'Kristin Scott Thomas']"
Despicable Me 2,7.5,PG,Animation,98,"[u'Steve Carell', u'Kristen Wiig', u'Benjamin Bratt']"
Jackie Brown,7.5,R,Crime,154,"[u'Pam Grier', u'Samuel L. Jackson', u'Robert Forster']"
Menace II Society,7.5,R,Crime,97,"[u'Tyrin Turner', u'Larenz Tate', u'June Kyoto Lu']"
The Class,7.5,PG-13,Drama,128,"[u'Fran\xe7ois B\xe9gaudeau', u'Agame Malembo-Emene', u'Ang\xe9lica Sancio']"
Bullets Over Broadway,7.5,R,Comedy,98,"[u'John Cusack', u'Dianne Wiest', u'Jennifer Tilly']"
American Splendor,7.5,R,Biography,101,"[u'Paul Giamatti', u'Shari Springer Berman', u'Harvey Pekar']"
Perfume: The Story of a Murderer,7.5,R,Crime,147,"[u'Ben Whishaw', u'Dustin Hoffman', u'Alan Rickman']"
Cloud Atlas,7.5,R,Drama,172,"[u'Tom Hanks', u'Halle Berry', u'Hugh Grant']"
Marathon Man,7.5,R,Crime,125,"[u'Dustin Hoffman', u'Laurence Olivier', u'Roy Scheider']"
Pinocchio,7.5,APPROVED,Animation,88,"[u'Dickie Jones', u'Christian Rub', u'Mel Blanc']"
The Painted Veil,7.5,PG-13,Drama,125,"[u'Naomi Watts', u'Edward Norton', u'Liev Schreiber']"
A Simple Plan,7.5,R,Crime,121,"[u'Bill Paxton', u'Billy Bob Thornton', u'Bridget Fonda']"
The Conjuring,7.5,R,Horror,112,"[u'Patrick Wilson', u'Vera Farmiga', u'Ron Livingston']"
The Man Who Knew Too Much,7.5,PG,Thriller,120,"[u'James Stewart', u'Doris Day', u'Brenda de Banzie']"
Quiz Show,7.5,PG-13,Drama,133,"[u'Ralph Fiennes', u'John Turturro', u'Rob Morrow']"
American Graffiti,7.5,PG,Comedy,110,"[u'Richard Dreyfuss', u'Ron Howard', u'Paul Le Mat']"
The Bridges of Madison County,7.5,PG-13,Drama,135,"[u'Clint Eastwood', u'Meryl Streep', u'Annie Corley']"
Gallipoli,7.5,PG,Adventure,110,"[u'Mel Gibson', u'Mark Lee', u'Bill Kerr']"
L'illusionniste,7.5,PG,Animation,80,"[u'Jean-Claude Donda', u'Eilidh Rankin', u'Duncan MacNeil']"
Miracle,7.5,PG,Drama,135,"[u'Kurt Russell', u'Patricia Clarkson', u'Nathan West']"
Maria Full of Grace,7.5,R,Crime,101,"[u'Catalina Sandino Moreno', u'Guilied Lopez', u'Orlando Tob\xf3n']"
Scott Pilgrim vs. the World,7.5,PG-13,Action,112,"[u'Michael Cera', u'Mary Elizabeth Winstead', u'Kieran Culkin']"
Pleasantville,7.5,PG-13,Comedy,124,"[u'Tobey Maguire', u'Jeff Daniels', u'Joan Allen']"
Sherlock Holmes: A Game of Shadows,7.5,PG-13,Action,129,"[u'Robert Downey Jr.', u'Jude Law', u'Jared Harris']"
Doubt,7.5,PG-13,Drama,104,"[u'Meryl Streep', u'Philip Seymour Hoffman', u'Amy Adams']"
The Fly,7.5,R,Horror,96,"[u'Jeff Goldblum', u'Geena Davis', u'John Getz']"
The Orphanage,7.5,R,Drama,105,"[u'Bel\xe9n Rueda', u'Fernando Cayo', u'Roger Pr\xedncep']"
Malena,7.5,R,Drama,109,"[u'Monica Bellucci', u'Giuseppe Sulfaro', u'Luciano Federico']"
Three Days of the Condor,7.5,R,Mystery,117,"[u'Robert Redford', u'Faye Dunaway', u'Cliff Robertson']"
[Rec],7.5,R,Horror,78,"[u'Manuela Velasco', u'Ferran Terraza', u'Jorge-Yamam Serrano']"
A Perfect World,7.5,PG-13,Crime,138,"[u'Kevin Costner', u'Clint Eastwood', u'Laura Dern']"
To Catch a Thief,7.5,APPROVED,Mystery,106,"[u'Cary Grant', u'Grace Kelly', u'Jessie Royce Landis']"
Best in Show,7.5,PG-13,Comedy,90,"[u'Fred Willard', u'Eugene Levy', u""Catherine O'Hara""]"
Everything Is Illuminated,7.5,PG-13,Comedy,106,"[u'Elijah Wood', u'Eugene Hutz', u'Boris Leskin']"
A Nightmare on Elm Street,7.5,R,Horror,91,"[u'Heather Langenkamp', u'Johnny Depp', u'Robert Englund']"
The Ice Storm,7.5,R,Drama,112,"[u'Kevin Kline', u'Joan Allen', u'Sigourney Weaver']"
X2,7.5,PG-13,Action,134,"[u'Patrick Stewart', u'Hugh Jackman', u'Halle Berry']"
We Need to Talk About Kevin,7.5,R,Drama,112,"[u'Tilda Swinton', u'John C. Reilly', u'Ezra Miller']"
Felon,7.5,R,Crime,104,"[u'Stephen Dorff', u'Marisol Nichols', u'Vincent Miller']"
Still Alice,7.5,PG-13,Drama,101,"[u'Julianne Moore', u'Alec Baldwin', u'Kristen Stewart']"
Rust and Bone,7.5,R,Drama,120,"[u'Marion Cotillard', u'Matthias Schoenaerts', u'Armand Verdure']"
Freedom Writers,7.5,PG-13,Biography,123,"[u'Hilary Swank', u'Imelda Staunton', u'Patrick Dempsey']"
Legends of the Fall,7.5,R,Drama,133,"[u'Brad Pitt', u'Anthony Hopkins', u'Aidan Quinn']"
Buffalo '66,7.5,R,Comedy,110,"[u'Vincent Gallo', u'Christina Ricci', u'Ben Gazzara']"
The Constant Gardener,7.5,R,Drama,129,"[u'Ralph Fiennes', u'Rachel Weisz', u'Hubert Kound\xe9']"
My Cousin Vinny,7.5,R,Comedy,120,"[u'Joe Pesci', u'Marisa Tomei', u'Ralph Macchio']"
The Texas Chain Saw Massacre,7.5,R,Horror,83,"[u'Marilyn Burns', u'Edwin Neal', u'Allen Danziger']"
Mulan,7.5,G,Animation,88,"[u'Ming-Na Wen', u'Eddie Murphy', u'BD Wong']"
A History of Violence,7.5,R,Crime,96,"[u'Viggo Mortensen', u'Maria Bello', u'Ed Harris']"
Open Range,7.5,R,Action,139,"[u'Kevin Costner', u'Robert Duvall', u'Diego Luna']"
Total Recall,7.5,R,Action,113,"[u'Arnold Schwarzenegger', u'Sharon Stone', u'Michael Ironside']"
Pi,7.5,R,Drama,84,"[u'Sean Gullette', u'Mark Margolis', u'Ben Shenkman']"
The Devil's Backbone,7.5,R,Drama,106,"[u'Marisa Paredes', u'Eduardo Noriega', u'Federico Luppi']"
The Aviator,7.5,PG-13,Biography,170,"[u'Leonardo DiCaprio', u'Cate Blanchett', u'Kate Beckinsale']"
Devil's Advocate,7.5,R,Drama,144,"[u'Keanu Reeves', u'Al Pacino', u'Charlize Theron']"
"The Adventures of Priscilla, Queen of the Desert",7.5,R,Comedy,104,"[u'Hugo Weaving', u'Guy Pearce', u'Terence Stamp']"
Harry Potter and the Half-Blood Prince,7.5,PG,Adventure,153,"[u'Daniel Radcliffe', u'Emma Watson', u'Rupert Grint']"
Fruitvale Station,7.5,R,Biography,85,"[u'Michael B. Jordan', u'Melonie Diaz', u'Octavia Spencer']"
In the Bedroom,7.5,R,Crime,130,"[u'Tom Wilkinson', u'Sissy Spacek', u'Nick Stahl']"
Source Code,7.5,PG-13,Mystery,93,"[u'Jake Gyllenhaal', u'Michelle Monaghan', u'Vera Farmiga']"
Biutiful,7.5,R,Drama,148,"[u'Javier Bardem', u'Maricel \xc1lvarez', u'Hanaa Bouchaib']"
From Russia with Love,7.5,APPROVED,Action,115,"[u'Sean Connery', u'Robert Shaw', u'Lotte Lenya']"
Calvary,7.5,R,Drama,102,"[u'Brendan Gleeson', u""Chris O'Dowd"", u'Kelly Reilly']"
The Mission,7.5,PG,Adventure,125,"[u'Robert De Niro', u'Jeremy Irons', u'Ray McAnally']"
In the Loop,7.5,NOT RATED,Comedy,106,"[u'Tom Hollander', u'Peter Capaldi', u'James Gandolfini']"
The Three Burials of Melquiades Estrada,7.5,R,Adventure,121,"[u'Tommy Lee Jones', u'Barry Pepper', u'Dwight Yoakam']"
Babel,7.5,R,Drama,143,"[u'Brad Pitt', u'Cate Blanchett', u'Gael Garc\xeda Bernal']"
Frenzy,7.5,R,Thriller,116,"[u'Jon Finch', u'Barry Foster', u'Alec McCowen']"
Heavenly Creatures,7.5,R,Biography,99,"[u'Melanie Lynskey', u'Kate Winslet', u'Sarah Peirse']"
Sweeney Todd: The Demon Barber of Fleet Street,7.5,R,Drama,116,"[u'Johnny Depp', u'Helena Bonham Carter', u'Alan Rickman']"
Dracula,7.5,R,Horror,128,"[u'Gary Oldman', u'Winona Ryder', u'Anthony Hopkins']"
Looper,7.5,R,Action,119,"[u'Joseph Gordon-Levitt', u'Bruce Willis', u'Emily Blunt']"
The Proposition,7.5,R,Crime,104,"[u'Ray Winstone', u'Guy Pearce', u'Emily Watson']"
Bullitt,7.5,PG,Action,114,"[u'Steve McQueen', u'Jacqueline Bisset', u'Robert Vaughn']"
Harry Potter and the Sorcerer's Stone,7.5,PG,Adventure,152,"[u'Daniel Radcliffe', u'Rupert Grint', u'Richard Harris']"
2046,7.5,R,Drama,129,"[u'Tony Chiu Wai Leung', u'Ziyi Zhang', u'Faye Wong']"
Transamerica,7.5,R,Adventure,103,"[u'Felicity Huffman', u'Kevin Zegers', u'Fionnula Flanagan']"
Smoke,7.5,R,Comedy,112,"[u'Harvey Keitel', u'William Hurt', u'Giancarlo Esposito']"
Suspiria,7.5,X,Horror,92,"[u'Jessica Harper', u'Stefania Casini', u'Flavio Bucci']"
The Judge,7.5,R,Drama,141,"[u'Robert Downey Jr.', u'Robert Duvall', u'Vera Farmiga']"
Bad Education,7.5,NC-17,Crime,106,"[u'Gael Garc\xeda Bernal', u'Fele Mart\xednez', u'Javier C\xe1mara']"
Up in the Air,7.5,R,Drama,109,"[u'George Clooney', u'Vera Farmiga', u'Anna Kendrick']"
Begin Again,7.5,R,Drama,104,"[u'Keira Knightley', u'Mark Ruffalo', u'Adam Levine']"
Running Scared,7.5,R,Action,122,"[u'Paul Walker', u'Cameron Bright', u'Chazz Palminteri']"
Ghost World,7.5,R,Comedy,111,"[u'Steve Buscemi', u'Thora Birch', u'Scarlett Johansson']"
Witness,7.5,R,Crime,112,"[u'Harrison Ford', u'Kelly McGillis', u'Lukas Haas']"
Trading Places,7.5,R,Comedy,116,"[u'Eddie Murphy', u'Dan Aykroyd', u'Ralph Bellamy']"
Mud,7.5,PG-13,Drama,130,"[u'Matthew McConaughey', u'Tye Sheridan', u'Jacob Lofland']"
Across the Universe,7.5,PG-13,Drama,133,"[u'Evan Rachel Wood', u'Jim Sturgess', u'Joe Anderson']"
Les Miserables,7.5,PG-13,Crime,134,"[u'Liam Neeson', u'Geoffrey Rush', u'Uma Thurman']"
Notes on a Scandal,7.5,R,Drama,92,"[u'Cate Blanchett', u'Judi Dench', u'Andrew Simpson']"
Inside Llewyn Davis,7.5,R,Drama,104,"[u'Oscar Isaac', u'Carey Mulligan', u'John Goodman']"
Brick,7.5,R,Crime,110,"[u'Joseph Gordon-Levitt', u'Lukas Haas', u'Emilie de Ravin']"
Clerks II,7.5,R,Comedy,97,"[u""Brian O'Halloran"", u'Jeff Anderson', u'Rosario Dawson']"
Say Anything...,7.5,PG-13,Comedy,100,"[u'John Cusack', u'Ione Skye', u'John Mahoney']"
Man on the Moon,7.4,R,Biography,118,"[u'Jim Carrey', u'Danny DeVito', u'Gerry Becker']"
Mean Streets,7.4,R,Crime,112,"[u'Robert De Niro', u'Harvey Keitel', u'David Proval']"
Harry Potter and the Order of the Phoenix,7.4,PG-13,Adventure,138,"[u'Daniel Radcliffe', u'Emma Watson', u'Rupert Grint']"
Beetlejuice,7.4,PG,Comedy,92,"[u'Alec Baldwin', u'Geena Davis', u'Michael Keaton']"
"Crazy, Stupid, Love.",7.4,PG-13,Comedy,118,"[u'Steve Carell', u'Ryan Gosling', u'Julianne Moore']"
Excalibur,7.4,R,Adventure,140,"[u'Nigel Terry', u'Helen Mirren', u'Nicholas Clay']"
True Grit,7.4,,Adventure,128,"[u'John Wayne', u'Kim Darby', u'Glen Campbell']"
Labyrinth,7.4,PG,Adventure,101,"[u'David Bowie', u'Jennifer Connelly', u'Toby Froud']"
Alice in Wonderland,7.4,G,Animation,75,"[u'Kathryn Beaumont', u'Ed Wynn', u'Richard Haydn']"
Predestination,7.4,R,Drama,97,"[u'Ethan Hawke', u'Sarah Snook', u'Noah Taylor']"
Much Ado About Nothing,7.4,PG-13,Comedy,111,"[u'Kenneth Branagh', u'Emma Thompson', u'Keanu Reeves']"
A Bridge Too Far,7.4,PG,Drama,175,"[u'Sean Connery', u""Ryan O'Neal"", u'Michael Caine']"
Raising Arizona,7.4,PG-13,Comedy,94,"[u'Nicolas Cage', u'Holly Hunter', u'Trey Wilson']"
The Bucket List,7.4,PG-13,Adventure,97,"[u'Jack Nicholson', u'Morgan Freeman', u'Sean Hayes']"
Terms of Endearment,7.4,R,Comedy,132,"[u'Shirley MacLaine', u'Debra Winger', u'Jack Nicholson']"
Take Shelter,7.4,R,Drama,120,"[u'Michael Shannon', u'Jessica Chastain', u'Shea Whigham']"
Far from Heaven,7.4,PG-13,Drama,107,"[u'Julianne Moore', u'Dennis Quaid', u'Dennis Haysbert']"
Eraserhead,7.4,UNRATED,Drama,89,"[u'Jack Nance', u'Charlotte Stewart', u'Allen Joseph']"
Frances Ha,7.4,R,Comedy,86,"[u'Greta Gerwig', u'Mickey Sumner', u'Adam Driver']"
Home Alone,7.4,PG,Comedy,103,"[u'Macaulay Culkin', u'Joe Pesci', u'Daniel Stern']"
Bound,7.4,R,Crime,108,"[u'Jennifer Tilly', u'Gina Gershon', u'Joe Pantoliano']"
Sleepy Hollow,7.4,R,Drama,105,"[u'Johnny Depp', u'Christina Ricci', u'Miranda Richardson']"
Pirate Radio,7.4,R,Comedy,117,"[u'Philip Seymour Hoffman', u'Bill Nighy', u'Nick Frost']"
The NeverEnding Story,7.4,PG,Adventure,102,"[u'Noah Hathaway', u'Barret Oliver', u'Tami Stronach']"
X-Men,7.4,PG-13,Action,104,"[u'Patrick Stewart', u'Hugh Jackman', u'Ian McKellen']"
Zero Dark Thirty,7.4,R,Drama,157,"[u'Jessica Chastain', u'Joel Edgerton', u'Chris Pratt']"
Manhattan Murder Mystery,7.4,PG,Comedy,104,"[u'Woody Allen', u'Diane Keaton', u'Jerry Adler']"
National Lampoon's Vacation,7.4,R,Comedy,98,"[u'Chevy Chase', u""Beverly D'Angelo"", u'Imogene Coca']"
My Sister's Keeper,7.4,PG-13,Drama,109,"[u'Cameron Diaz', u'Abigail Breslin', u'Alec Baldwin']"
Deconstructing Harry,7.4,R,Comedy,96,"[u'Woody Allen', u'Judy Davis', u'Julia Louis-Dreyfus']"
The Way Way Back,7.4,PG-13,Comedy,103,"[u'Steve Carell', u'Toni Collette', u'Allison Janney']"
Capote,7.4,R,Biography,114,"[u'Philip Seymour Hoffman', u'Clifton Collins Jr.', u'Catherine Keener']"
Driving Miss Daisy,7.4,PG,Comedy,99,"[u'Morgan Freeman', u'Jessica Tandy', u'Dan Aykroyd']"
La Femme Nikita,7.4,R,Action,118,"[u'Anne Parillaud', u'Marc Duret', u'Patrick Fontana']"
Lincoln,7.4,PG-13,Biography,150,"[u'Daniel Day-Lewis', u'Sally Field', u'David Strathairn']"
Limitless,7.4,PG-13,Mystery,105,"[u'Bradley Cooper', u'Anna Friel', u'Abbie Cornish']"
The Simpsons Movie,7.4,PG-13,Animation,87,"[u'Dan Castellaneta', u'Julie Kavner', u'Nancy Cartwright']"
The Rock,7.4,R,Action,136,"[u'Sean Connery', u'Nicolas Cage', u'Ed Harris']"
The English Patient,7.4,R,Drama,162,"[u'Ralph Fiennes', u'Juliette Binoche', u'Willem Dafoe']"
Law Abiding Citizen,7.4,R,Crime,109,"[u'Gerard Butler', u'Jamie Foxx', u'Leslie Bibb']"
Wonder Boys,7.4,R,Drama,107,"[u'Michael Douglas', u'Tobey Maguire', u'Frances McDormand']"
Death at a Funeral,7.4,R,Comedy,90,"[u'Matthew Macfadyen', u'Peter Dinklage', u'Ewen Bremner']"
Blue Valentine,7.4,NC-17,Drama,112,"[u'Ryan Gosling', u'Michelle Williams', u'John Doman']"
The Cider House Rules,7.4,PG-13,Drama,126,"[u'Tobey Maguire', u'Charlize Theron', u'Michael Caine']"
Tootsie,7.4,PG,Comedy,116,"[u'Dustin Hoffman', u'Jessica Lange', u'Teri Garr']"
Back to the Future Part III,7.4,PG,Adventure,118,"[u'Michael J. Fox', u'Christopher Lloyd', u'Mary Steenburgen']"
Master and Commander: The Far Side of the World,7.4,PG-13,Action,138,"[u'Russell Crowe', u'Paul Bettany', u'Billy Boyd']"
Poltergeist,7.4,PG,Horror,114,"[u'JoBeth Williams', u""Heather O'Rourke"", u'Craig T. Nelson']"
Wall Street,7.4,R,Crime,126,"[u'Charlie Sheen', u'Michael Douglas', u'Tamara Tunie']"
